1,google.com
2,facebook.com
3,youtube.com
4,yahoo.com
5,baidu.com
6,wikipedia.org
7,qq.com
8,amazon.com
9,live.com
10,linkedin.com
11,twitter.com
12,blogspot.com
13,taobao.com
14,google.co.in
15,bing.com
16,yahoo.co.jp
17,wordpress.com
18,yandex.ru
19,sina.com.cn
20,vk.com
21,ebay.com
22,google.de
23,tumblr.com
24,google.co.uk
25,msn.com
26,googleusercontent.com
27,google.fr
28,mail.ru
29,pinterest.com
30,google.com.br
31,163.com
32,ask.com
33,microsoft.com
34,google.co.jp
35,google.com.hk
36,hao123.com
37,google.ru
38,paypal.com
39,xvideos.com
40,craigslist.org
41,weibo.com
42,instagram.com
43,blogger.com
44,imdb.com
45,google.it
46,apple.com
47,google.es
48,amazon.co.jp
49,sohu.com
50,tmall.com
51,xhamster.com
52,bbc.co.uk
53,adobe.com
54,fc2.com
55,conduit.com
56,t.co
57,delta-search.com
58,google.com.mx
59,google.ca
60,stackoverflow.com
61,cnn.com
62,akamaihd.net
63,odnoklassniki.ru
64,soso.com
65,go.com
66,ku6.com
67,neobux.com
68,alibaba.com
69,amazon.de
70,imgur.com
71,flickr.com
72,blogspot.in
73,ifeng.com
74,wordpress.org
75,pornhub.com
76,vube.com
77,huffingtonpost.com
78,adcash.com
79,google.com.tr
80,thepiratebay.sx
81,about.com
82,360.cn
83,google.com.au
84,babylon.com
85,adf.ly
86,godaddy.com
87,youku.com
88,bp.blogspot.com
89,aol.com
90,ebay.de
91,uol.com.br
92,avg.com
93,amazon.co.uk
94,google.pl
95,alipay.com
96,dailymotion.com
97,netflix.com
98,xnxx.com
99,ebay.co.uk
100,redtube.com
101,cnet.com
102,reddit.com
103,rakuten.co.jp
104,mywebsearch.com
105,livejasmin.com
106,globo.com
107,youporn.com
108,sogou.com
109,dailymail.co.uk
110,espn.go.com
111,booking.com
112,indiatimes.com
113,slideshare.net
114,google.com.ar
115,vimeo.com
116,google.nl
117,blogspot.com.br
118,google.com.sa
119,nytimes.com
120,directrev.com
121,jd.com
122,themeforest.net
123,weather.com
124,ameblo.jp
125,google.com.eg
126,yelp.com
127,livedoor.com
128,amazonaws.com
129,kickass.to
130,livejournal.com
131,pixnet.net
132,hootsuite.com
133,mediafire.com
134,deviantart.com
135,fiverr.com
136,dropbox.com
137,aliexpress.com
138,qtrax.com
139,google.com.pk
140,wikia.com
141,outbrain.com
142,wikimedia.org
143,blogfa.com
144,google.co.th
145,secureserver.net
146,clkmon.com
147,google.com.tw
148,4shared.com
149,media.tumblr.com
150,buildathome.info
151,yieldmanager.com
152,aweber.com
153,amazon.fr
154,renren.com
155,foxnews.com
156,badoo.com
157,bankofamerica.com
158,google.co.za
159,onclickads.net
160,etsy.com
161,xinhuanet.com
162,stumbleupon.com
163,mozilla.org
164,google.co.id
165,addthis.com
166,torrentz.eu
167,liveinternet.ru
168,nicovideo.jp
169,douban.com
170,flipkart.com
171,chase.com
172,softonic.com
173,sourceforge.net
174,w3schools.com
175,ask.fm
176,tripadvisor.com
177,hostgator.com
178,zedo.com
179,archive.org
180,wigetmedia.com
181,google.co.ve
182,statcounter.com
183,youjizz.com
184,tube8.com
185,files.wordpress.com
186,warriorforum.com
187,indeed.com
188,skype.com
189,reference.com
190,google.com.vn
191,wikihow.com
192,photobucket.com
193,walmart.com
194,forbes.com
195,letv.com
196,google.gr
197,chinaz.com
198,goo.ne.jp
199,google.com.co
200,nbcnews.com
201,buzzfeed.com
202,espncricinfo.com
203,salesforce.com
204,allegro.pl
205,onet.pl
206,pconline.com.cn
207,google.cn
208,people.com.cn
209,answers.com
210,56.com
211,wellsfargo.com
212,soundcloud.com
213,google.com.ua
214,leboncoin.fr
215,google.be
216,bannersdontwork.com
217,spiegel.de
218,ehow.com
219,ilivid.com
220,comcast.net
221,tianya.cn
222,4dsply.com
223,china.com.cn
224,ucoz.ru
225,uploaded.net
226,zillow.com
227,google.com.ng
228,bild.de
229,github.com
230,rediff.com
231,google.com.ph
232,google.ro
233,siteadvisor.com
234,gmx.net
235,rambler.ru
236,usatoday.com
237,tudou.com
238,rutracker.org
239,58.com
240,weebly.com
241,google.se
242,pandora.com
243,wsj.com
244,web.de
245,thefreedictionary.com
246,mailchimp.com
247,empowernetwork.com
248,hudong.com
249,amazon.it
250,domaintools.com
251,telegraph.co.uk
252,popads.net
253,naver.jp
254,samsung.com
255,zilionfast.in
256,mashable.com
257,mercadolivre.com.br
258,goal.com
259,php.net
260,hardsextube.com
261,pengyou.com
262,taringa.net
263,shutterstock.com
264,wp.pl
265,google.com.pe
266,cnzz.com
267,orange.fr
268,wix.com
269,kaskus.co.id
270,ikea.com
271,google.dz
272,google.at
273,goodreads.com
274,snapdo.com
275,searchnu.com
276,wordreference.com
277,linkbucks.com
278,ups.com
279,amazon.cn
280,goodgamestudios.com
281,guardian.co.uk
282,histats.com
283,yesky.com
284,clixsense.com
285,avito.ru
286,bet365.com
287,loading-delivery1.com
288,zol.com.cn
289,bleacherreport.com
290,google.cl
291,moz.com
292,google.ch
293,libero.it
294,reuters.com
295,beeg.com
296,google.pt
297,it168.com
298,mobile01.com
299,qvo6.com
300,disqus.com
301,extratorrent.com
302,scribd.com
303,hp.com
304,optmd.com
305,imageshack.us
306,google.com.bd
307,milliyet.com.tr
308,putlocker.com
309,dmm.co.jp
310,free.fr
311,marca.com
312,likes.com
313,motherless.com
314,hurriyet.com.tr
315,google.com.sg
316,pof.com
317,iqiyi.com
318,olx.in
319,varzesh3.com
320,detik.com
321,google.com.my
322,stackexchange.com
323,pcpop.com
324,constantcontact.com
325,so.com
326,4399.com
327,clickbank.com
328,etao.com
329,soku.com
330,washingtonpost.com
331,youm7.com
332,fedex.com
333,infusionsoft.com
334,amazon.es
335,gsmarena.com
336,soufun.com
337,java.com
338,ign.com
339,ganji.com
340,usps.com
341,ig.com.br
342,hulu.com
343,bestbuy.com
344,bitly.com
345,pch.com
346,naver.com
347,t-online.de
348,codecanyon.net
349,target.com
350,doubleclick.com
351,twoo.com
352,xing.com
353,tinyurl.com
354,webmd.com
355,webs.com
356,ameba.jp
357,tagged.com
358,elpais.com
359,ndtv.com
360,ebay.com.au
361,naukri.com
362,bloomberg.com
363,google.cz
364,mlb.com
365,nih.gov
366,uimserv.net
367,groupon.com
368,yandex.ua
369,match.com
370,in.com
371,bluehost.com
372,meetup.com
373,cj.com
374,isohunt.com
375,clicksor.com
376,terra.com.br
377,quikr.com
378,xe.com
379,abcnews.go.com
380,businessinsider.com
381,americanexpress.com
382,youdao.com
383,joomla.org
384,odesk.com
385,kakaku.com
386,repubblica.it
387,thefreecamsecret.com
388,dell.com
389,google.ie
390,gazeta.pl
391,blackhatworld.com
392,google.co.hu
393,elmundo.es
394,seznam.cz
395,drudgereport.com
396,xcar.com.cn
397,zippyshare.com
398,xunlei.com
399,twitch.tv
400,enet.com.cn
401,speedtest.net
402,blogspot.de
403,hdfcbank.com
404,surveymonkey.com
405,aili.com
406,w3.org
407,ning.com
408,autohome.com.cn
409,narod.ru
410,jimdo.com
411,google.ae
412,search-results.com
413,theguardian.com
414,expedia.com
415,capitalone.com
416,tmz.com
417,ebay.it
418,att.com
419,google.no
420,exoclick.com
421,webcrawler.com
422,pchome.net
423,feedly.com
424,habrahabr.ru
425,ck101.com
426,myfreecams.com
427,sahibinden.com
428,rapidgator.net
429,google.dk
430,kaixin001.com
431,techcrunch.com
432,istockphoto.com
433,blogspot.ru
434,ebay.in
435,homedepot.com
436,systweak.com
437,drtuber.com
438,xyxy.net
439,abril.com.br
440,zing.vn
441,freelancer.com
442,csdn.net
443,microsoftonline.com
444,cloudfront.net
445,github.io
446,google.co.il
447,webmoney.ru
448,iminent.com
449,pcauto.com.cn
450,amazon.ca
451,taleo.net
452,mercadolibre.com.ar
453,vnexpress.net
454,123rf.com
455,latimes.com
456,dianping.com
457,icicibank.com
458,sweetim.com
459,snapdeal.com
460,searchengines.ru
461,elance.com
462,hypergames.net
463,steampowered.com
464,doorblog.jp
465,squidoo.com
466,kijiji.ca
467,google.az
468,google.co.kr
469,sape.ru
470,kooora.com
471,kinopoisk.ru
472,blogspot.fr
473,typepad.com
474,getresponse.com
475,cntv.cn
476,swagbucks.com
477,39.net
478,justdial.com
479,lollipop-network.com
480,digg.com
481,lenta.ru
482,zendesk.com
483,accuweather.com
484,quora.com
485,probux.com
486,9gag.com
487,trulia.com
488,force.com
489,chinanews.com
490,list-manage.com
491,yellowpages.com
492,paipai.com
493,monster.com
494,mihanblog.com
495,acesse.com
496,goo.gl
497,verizonwireless.com
498,2345.com
499,backpage.com
500,pixiv.net
501,okcupid.com
502,glispa.com
503,cam4.com
504,nydailynews.com
505,google.fi
506,51job.com
507,retailmenot.com
508,news.com.au
509,gutefrage.net
510,commentcamarche.net
511,adultfriendfinder.com
512,pclady.com.cn
513,corriere.it
514,icbc.com.cn
515,issuu.com
516,bodybuilding.com
517,xda-developers.com
518,rt.com
519,lifehacker.com
520,seesaa.net
521,126.com
522,rbc.ru
523,jobrapido.com
524,rednet.cn
525,eastmoney.com
526,chaturbate.com
527,lenovo.com
528,fotolia.com
529,daum.net
530,foursquare.com
531,qunar.com
532,shaadi.com
533,opensiteexplorer.org
534,cy-pr.com
535,hatena.ne.jp
536,yihaodian.com
537,mobile.de
538,hubpages.com
539,onlinesbi.com
540,incredibar.com
541,softpedia.com
542,sberbank.ru
543,majesticseo.com
544,ya.ru
545,nifty.com
546,gc.ca
547,semrush.com
548,fbcdn.net
549,thesun.co.uk
550,m2newmedia.com
551,chip.de
552,ixxx.com
553,ero-advertising.com
554,kickstarter.com
555,xgo.com.cn
556,baiducontent.com
557,ccb.com
558,outlook.com
559,hotels.com
560,engadget.com
561,turbobit.net
562,2ch.net
563,time.com
564,altervista.org
565,eazel.com
566,google.sk
567,lemonde.fr
568,ctrip.com
569,who.is
570,hubspot.com
571,dangdang.com
572,ad6media.fr
573,gotomeeting.com
574,shareasale.com
575,fucked-tube.com
576,oneindia.in
577,ancestry.com
578,linkwithin.com
579,priceline.com
580,fatakat.com
581,gmw.cn
582,tabelog.com
583,mp3skull.com
584,huanqiu.com
585,amung.us
586,wetter.com
587,blogspot.jp
588,oracle.com
589,farsnews.com
590,ezpowerads.com
591,subscene.com
592,digitalpoint.com
593,zimbio.com
594,newegg.com
595,mercadolibre.com.mx
596,zhaopin.com
597,ebay.fr
598,virgilio.it
599,cbsnews.com
600,interbiz.me
601,website-unavailable.com
602,namecheap.com
603,duowan.com
604,upworthy.com
605,maktoob.com
606,biglobe.ne.jp
607,onlineaway.net
608,mapquest.com
609,jquery.com
610,wunderground.com
611,intoday.in
612,tokobagus.com
613,traidnt.net
614,jabong.com
615,moneycontrol.com
616,foxsports.com
617,disney.go.com
618,10086.cn
619,streamcloud.eu
620,bhaskar.com
621,citibank.com
622,mynet.com
623,aizhan.com
624,intuit.com
625,wiktionary.org
626,kompas.com
627,jqw.com
628,letitbit.net
629,marketwatch.com
630,houzz.com
631,babytree.com
632,timeanddate.com
633,suning.com
634,bizcoaching.info
635,liveleak.com
636,over-blog.com
637,filehippo.com
638,filestube.com
639,pcgames.com.cn
640,alimama.com
641,inbox.com
642,ca.gov
643,trklnks.com
644,adultadworld.com
645,wretch.cc
646,beva.com
647,allrecipes.com
648,spankwire.com
649,porntube.com
650,twimg.com
651,peyvandha.ir
652,ezinearticles.com
653,myspace.com
654,cbslocal.com
655,gogetlinks.net
656,sakura.ne.jp
657,tutsplus.com
658,examiner.com
659,ovh.net
660,citrixonline.com
661,vancl.com
662,free-tv-video-online.me
663,people.com
664,chexun.com
665,sulekha.com
666,pornerbros.com
667,adhitprofits.com
668,babycenter.com
669,largeporntube.com
670,templatemonster.com
671,google.lk
672,scoop.it
673,today.com
674,pr-cy.ru
675,ce.cn
676,chinabyte.com
677,cnbc.com
678,haber7.com
679,tradedoubler.com
680,careerbuilder.com
681,mercadolibre.com.ve
682,nuvid.com
683,realtor.com
684,ucoz.com
685,persianblog.ir
686,coupons.com
687,shopathome.com
688,battle.net
689,friv.com
690,taboola.com
691,linksynergy.com
692,vk.me
693,behance.net
694,klikbca.com
695,lowes.com
696,rutor.org
697,lefigaro.fr
698,55bbs.com
699,hespress.com
700,yxlady.com
701,sapo.pt
702,homeway.com.cn
703,mgid.com
704,hupu.com
705,rottentomatoes.com
706,nypost.com
707,adnxs.com
708,bannersbroker.com
709,hidemyass.com
710,interia.pl
711,itau.com.br
712,immobilienscout24.de
713,informer.com
714,miniclip.com
715,cnblogs.com
716,qidian.com
717,jrj.com.cn
718,gizmodo.com
719,gamespot.com
720,tabnak.ir
721,haberturk.com
722,folha.uol.com.br
723,custhelp.com
724,as.com
725,subito.it
726,sears.com
727,myntra.com
728,bitshare.com
729,idnes.cz
730,nokia.com
731,adbooth.net
732,cracked.com
733,gawker.com
734,4tube.com
735,urbandictionary.com
736,southwest.com
737,bravotube.net
738,google.bg
739,howstuffworks.com
740,verizon.com
741,imagebam.com
742,google.co.nz
743,vipshop.com
744,yoka.com
745,macys.com
746,skyrock.com
747,google.kz
748,akhbarak.net
749,foodnetwork.com
750,feedburner.com
751,kdnet.net
752,way2sms.com
753,independent.co.uk
754,gulfup.com
755,eonline.com
756,24h.com.vn
757,nordstrom.com
758,panet.co.il
759,fhserve.com
760,meituan.com
761,patch.com
762,easyhits4u.com
763,skysports.com
764,sporx.com
765,6.cn
766,npr.org
767,gstatic.com
768,ellechina.com
769,nu.nl
770,adjuggler.net
771,agoda.com
772,zanox.com
773,secure-portal.co
774,m-w.com
775,myegy.com
776,gamefaqs.com
777,r10.net
778,whitepages.com
779,gap.com
780,anonym.to
781,ppstream.com
782,stockstar.com
783,ibm.com
784,slate.com
785,klout.com
786,weather.com.cn
787,eventbrite.com
788,nba.com
789,manta.com
790,google.com.kw
791,zwaar.net
792,milanuncios.com
793,all-free-download.com
794,youtube-mp3.org
795,mixi.jp
796,4chan.org
797,nfl.com
798,theblaze.com
799,asos.com
800,keezmovies.com
801,r7.com
802,tripadvisor.co.uk
803,wanggou.com
804,rightmove.co.uk
805,wired.com
806,usmagazine.com
807,yandex.com.tr
808,facenama.com
809,viadeo.com
810,adclickxpress.com
811,51.la
812,cloob.com
813,nudevista.com
814,tradus.com
815,bankmellat.ir
816,digikala.com
817,lanacion.com.ar
818,888.com
819,lequipe.fr
820,dict.cc
821,so-net.ne.jp
822,marktplaats.nl
823,duckduckgo.com
824,tenpay.com
825,asahi.com
826,adserverplus.com
827,cbssports.com
828,gumtree.com
829,chinabroadcast.cn
830,gogvo.com
831,ocn.ne.jp
832,jeuxvideo.com
833,tomshardware.com
834,yomiuri.co.jp
835,evernote.com
836,searchengineland.com
837,mangareader.net
838,kayak.com
839,bloglovin.com
840,mysearchresults.com
841,google.com.ec
842,infolinks.com
843,xhamstercams.com
844,pinshan.com
845,vporn.com
846,lnksr.com
847,jvzoo.com
848,xtube.com
849,correios.com.br
850,elwatannews.com
851,cmbchina.com
852,yandex.kz
853,sfr.fr
854,7k7k.com
855,irctc.co.in
856,viva.co.id
857,dmoz.org
858,barnesandnoble.com
859,pcmag.com
860,fanpop.com
861,novinky.cz
862,slickdeals.net
863,video-one.com
864,google.com.do
865,gismeteo.ru
866,leagueoflegends.com
867,telegraaf.nl
868,ria.ru
869,plugrush.com
870,zappos.com
871,okwave.jp
872,magentocommerce.com
873,espnfc.com
874,51buy.com
875,sky.com
876,videosexarchive.com
877,dantri.com.vn
878,leo.org
879,keepvid.com
880,gamer.com.tw
881,forgeofempires.com
882,dafont.com
883,staples.com
884,dhgate.com
885,kioskea.net
886,cafemom.com
887,livedoor.biz
888,worldstarhiphop.com
889,noticias24.com
890,businessweek.com
891,ci123.com
892,exblog.jp
893,zoho.com
894,pogo.com
895,kinox.to
896,onlylady.com
897,cheezburger.com
898,screencast.com
899,steamcommunity.com
900,overstock.com
901,caixa.gov.br
902,avast.com
903,azlyrics.com
904,dreamstime.com
905,wmtransfer.com
906,nairaland.com
907,52pk.net
908,aftonbladet.se
909,bbc.com
910,104.com.tw
911,noaa.gov
912,weheartit.com
913,basecamp.com
914,glassdoor.com
915,zeobit.com
916,allocine.fr
917,viooz.co
918,google.com.qa
919,europa.eu
920,rapidshare.com
921,shopclues.com
922,icicibank.co.in
923,rtl.de
924,birthrecods.com
925,focus.de
926,webhostingtalk.com
927,biblegateway.com
928,hongkiat.com
929,brainyquote.com
930,wmmail.ru
931,aljazeera.net
932,alarabiya.net
933,docin.com
934,sfgate.com
935,indianrail.gov.in
936,nationalgeographic.com
937,ensonhaber.com
938,roulettebotplus.com
939,yourlust.com
940,clarin.com
941,mirror.co.uk
942,united.com
943,deezer.com
944,norton.com
945,mayoclinic.com
946,indiegogo.com
947,speedanalysis.net
948,64.237.104.20
949,h2porn.com
950,mop.com
951,geocities.jp
952,aparat.com
953,315che.com
954,cnmo.com
955,gentenocturna.com
956,searchfunmoods.com
957,dx.com
958,xbox.com
959,pantip.com
960,lnksdata.com
961,sendspace.com
962,elegantthemes.com
963,addmefast.com
964,oyodomo.com
965,clickbank.net
966,cocolog-nifty.com
967,mcafee.com
968,livestrong.com
969,airtel.in
970,dealfish.co.th
971,prothom-alo.com
972,mediaset.it
973,fool.com
974,delta.com
975,last.fm
976,focus.cn
977,pixlr.com
978,softlayer.com
979,kohls.com
980,metacafe.com
981,12306.cn
982,mpnrs.com
983,sunporno.com
984,tinypic.com
985,zazzle.com
986,udn.com
987,ticketmaster.com
988,change.org
989,buscape.com.br
990,blogspot.com.au
991,y8.com
992,kankan.com
993,eggdepo.com
994,spotify.com
995,topix.com
996,drom.ru
997,admagnet.net
998,google.by
999,logmein.com
1000,appround.biz
1001,city-data.com
1002,rozblog.com
1003,nike.com
1004,boston.com
1005,blackberry.com
1006,imesh.com
1007,excite.co.jp
1008,rantsports.com
1009,yandex.by
1010,dtiblog.com
1011,netlog.com
1012,perezhilton.com
1013,chron.com
1014,v9.com
1015,imagefap.com
1016,xtendmedia.com
1017,comcast.com
1018,gittigidiyor.com
1019,888poker.com
1020,ruten.com.tw
1021,indiamart.com
1022,movie4k.to
1023,forexfactory.com
1024,bahn.de
1025,auto.ru
1026,prweb.com
1027,bitauto.com
1028,opera.com
1029,woorank.com
1030,sanook.com
1031,wetransfer.com
1032,makemytrip.com
1033,doublepimp.com
1034,mysql.com
1035,flippa.com
1036,redtubelive.com
1037,blogimg.jp
1038,travelocity.com
1039,weather.gov
1040,pagesjaunes.fr
1041,woothemes.com
1042,fixya.com
1043,mega.co.nz
1044,prestashop.com
1045,roblox.com
1046,tgbus.com
1047,hsbc.co.uk
1048,sitesell.com
1049,rayli.com.cn
1050,thedailybeast.com
1051,craigslist.ca
1052,clicksvenue.com
1053,porn.com
1054,voc.com.cn
1055,baomihua.com
1056,mbank.com.pl
1057,google.hr
1058,6park.com
1059,dropboxusercontent.com
1060,subscribe.ru
1061,eyny.com
1062,nikkei.com
1063,17173.com
1064,blog.com
1065,billdesk.com
1066,statscrop.com
1067,amazon.in
1068,twitpic.com
1069,welt.de
1070,box.com
1071,gobookee.net
1072,ahrefs.com
1073,189.cn
1074,lumosity.com
1075,tribalfusion.com
1076,esporte.uol.com.br
1077,bbb.org
1078,piriform.com
1079,1und1.de
1080,grooveshark.com
1081,blog.163.com
1082,flipora.com
1083,payoneer.com
1084,rakuten.ne.jp
1085,heise.de
1086,imagevenue.com
1087,lacaixa.es
1088,infobae.com
1089,nhk.or.jp
1090,donanimhaber.com
1091,tubegalore.com
1092,smh.com.au
1093,google.rs
1094,pingdom.com
1095,thechive.com
1096,datasrvrs.com
1097,perfectgirls.net
1098,google.com.ly
1099,givemesport.com
1100,jalan.net
1101,costco.com
1102,120ask.com
1103,eastday.com
1104,homeshop18.com
1105,eenadu.net
1106,birthdaypeoms.com
1107,chacha.com
1108,appledaily.com.tw
1109,ovh.com
1110,idealo.de
1111,legacy.com
1112,linternaute.com
1113,atwiki.jp
1114,pchome.com.tw
1115,fandango.com
1116,autotrader.com
1117,etoro.com
1118,prntscr.com
1119,usbank.com
1120,mail.com
1121,copyscape.com
1122,sureonlinefind.com
1123,zoosk.com
1124,miercn.com
1125,pornhublive.com
1126,360doc.com
1127,hi5.com
1128,woot.com
1129,haizhangs.com
1130,drupal.org
1131,mbc.net
1132,bigpoint.com
1133,adscale.de
1134,fidelity.com
1135,gtmetrix.com
1136,google.lt
1137,delicious.com
1138,gumtree.com.au
1139,primewire.ag
1140,android.com
1141,hh.ru
1142,beytoote.com
1143,breitbart.com
1144,sitepoint.com
1145,vodly.to
1146,smashingmagazine.com
1147,flashx.tv
1148,vice.com
1149,19lou.com
1150,ahram.org.eg
1151,bestblackhatforum.com
1152,sabah.com.tr
1153,bhphotovideo.com
1154,japanpost.jp
1155,graphicriver.net
1156,mmgp.ru
1157,myfitnesspal.com
1158,vistaprint.com
1159,shop.com
1160,cbc.ca
1161,searchenginewatch.com
1162,sweetpacks.com
1163,ryanair.com
1164,fanfiction.net
1165,livingsocial.com
1166,souq.com
1167,hotfile.com
1168,docstoc.com
1169,cdiscount.com
1170,rr.com
1171,hm.com
1172,gumtree.co.za
1173,css-tricks.com
1174,infowars.com
1175,jiayuan.com
1176,yaolan.com
1177,earthlink.net
1178,dribbble.com
1179,google.iq
1180,yjc.ir
1181,bookmyshow.com
1182,orf.at
1183,seekingalpha.com
1184,alphaporno.com
1185,cookpad.com
1186,reverso.net
1187,theverge.com
1188,networkedblogs.com
1189,miralinks.ru
1190,asus.com
1191,google.tn
1192,icloud.com
1193,imobile.com.cn
1194,newsmax.com
1195,mypcbackup.com
1196,hilton.com
1197,nasa.gov
1198,fastpic.ru
1199,light-dark.net
1200,made-in-china.com
1201,kongregate.com
1202,makeuseof.com
1203,asriran.com
1204,perfectmoney.is
1205,cbs.com
1206,abchina.com
1207,india.com
1208,marriott.com
1209,chinadaily.com.cn
1210,abc.es
1211,ustream.tv
1212,irs.gov
1213,merdeka.com
1214,anysex.com
1215,gi-akademie.com
1216,ing.nl
1217,echoroukonline.com
1218,livescore.com
1219,t-mobile.com
1220,postimg.org
1221,studiopress.com
1222,instructables.com
1223,directadvert.ru
1224,workercn.cn
1225,meteofrance.com
1226,it939.com
1227,game321.com
1228,mit.edu
1229,paper.li
1230,hotwire.com
1231,networksolutions.com
1232,sourtimes.org
1233,sueddeutsche.de
1234,ultimate-guitar.com
1235,americanas.com.br
1236,walmart.com.br
1237,macrumors.com
1238,stagram.com
1239,dpreview.com
1240,o2.pl
1241,intel.com
1242,musica.com
1243,zulily.com
1244,brazzers.com
1245,ebay.es
1246,solarmovie.so
1247,lapatilla.com
1248,ilmeteo.it
1249,seoquake.com
1250,onlinedown.net
1251,yify-torrents.com
1252,squarespace.com
1253,wikimapia.org
1254,depositfiles.com
1255,king.com
1256,qingdaonews.com
1257,balagana.net
1258,ebay.ca
1259,sulit.com.ph
1260,reliancenetconnect.co.in
1261,pcbaby.com.cn
1262,windowsphone.com
1263,ft.com
1264,indianexpress.com
1265,ninemsn.com.au
1266,aa.com
1267,webmasterworld.com
1268,letras.mus.br
1269,christian-dogma.com
1270,aeriagames.com
1271,bmi.ir
1272,bb.com.br
1273,junglee.com
1274,olx.com.br
1275,kicker.de
1276,fotostrana.ru
1277,blogspot.tw
1278,tnaflix.com
1279,hindustantimes.com
1280,nbcsports.com
1281,500px.com
1282,ldblog.jp
1283,cpanel.net
1284,thehindu.com
1285,liveperson.net
1286,netteller.com
1287,investopedia.com
1288,coingeneration.com
1289,tunein.com
1290,boc.cn
1291,almasryalyoum.com
1292,staticflickr.com
1293,masrawy.com
1294,sabq.org
1295,axisbank.com
1296,gazzetta.it
1297,gazeta.ru
1298,hc360.com
1299,spainshtranslation.com
1300,pastebin.com
1301,polyvore.com
1302,iciba.com
1303,weblio.jp
1304,tdcanadatrust.com
1305,baixing.com
1306,mtv.com
1307,vehnix.com
1308,bartarinha.ir
1309,adfoc.us
1310,minus.com
1311,dubizzle.com
1312,e-hentai.org
1313,say-move.org
1314,sockshare.com
1315,certified-toolbar.com
1316,elfagr.org
1317,wwwblogto.com
1318,zhihu.com
1319,toptenreviews.com
1320,xiaomi.com
1321,tf1.fr
1322,toysrus.com
1323,pcanalysis.net
1324,incredibar-search.com
1325,singlessalad.com
1326,vg.no
1327,ap.org
1328,pornmd.com
1329,eluniversal.com.mx
1330,walgreens.com
1331,1and1.com
1332,usaa.com
1333,ezdownloadpro.info
1334,nyaa.eu
1335,seosprint.net
1336,ouedkniss.com
1337,sp.gov.br
1338,webstatsdomain.net
1339,zalando.de
1340,ted.com
1341,gravatar.com
1342,criteo.com
1343,chewen.com
1344,gnavi.co.jp
1345,51.com
1346,mama.cn
1347,google.co.ma
1348,food.com
1349,apache.org
1350,openadserving.com
1351,fanatik.com.tr
1352,forobeta.com
1353,cox.net
1354,whatismyipaddress.com
1355,state.gov
1356,chicagotribune.com
1357,depositphotos.com
1358,lipixeltrack.com
1359,banglanews24.com
1360,pornoxo.com
1361,it938.com
1362,univision.com
1363,edmunds.com
1364,sedo.com
1365,nikkeibp.co.jp
1366,wimp.com
1367,bdnews24.com
1368,list-manage1.com
1369,codeproject.com
1370,1337x.org
1371,santabanta.com
1372,internetdownloadmanager.com
1373,sprint.com
1374,itmedia.co.jp
1375,20minutos.es
1376,google.com.gt
1377,whois.com
1378,filecrop.com
1379,orbitz.com
1380,jcpenney.com
1381,techradar.com
1382,mangafox.me
1383,tablica.pl
1384,haxiu.com
1385,vesti.ru
1386,break.com
1387,nipic.com
1388,eztv.it
1389,alexa.com
1390,17u.cn
1391,alhea.com
1392,freeones.com
1393,accountonline.com
1394,argos.co.uk
1395,asp.net
1396,ksl.com
1397,mtime.com
1398,entrepreneur.com
1399,echo.msk.ru
1400,pole-emploi.fr
1401,picmonkey.com
1402,22find.com
1403,freakshare.com
1404,abc.net.au
1405,blogspot.kr
1406,livestream.com
1407,pinimg.com
1408,cars.com
1409,mynavi.jp
1410,bradesco.com.br
1411,olx.com.pk
1412,888casino.com
1413,imagetwist.com
1414,juicyads.com
1415,td.com
1416,bidvertiser.com
1417,sport.es
1418,yaplakal.com
1419,khabaronline.ir
1420,cvs.com
1421,pnc.com
1422,telexfree.com
1423,noticias.uol.com.br
1424,tiu.ru
1425,sex.com
1426,dhl.de
1427,vente-privee.com
1428,usnews.com
1429,kbb.com
1430,aufeminin.com
1431,ubuntu.com
1432,meilishuo.com
1433,egrana.com.br
1434,trafficholder.com
1435,smallseotools.com
1436,1mall.com
1437,bankrate.com
1438,sxc.hu
1439,extremetube.com
1440,yobt.com
1441,verizon.net
1442,superuser.com
1443,jsfiddle.net
1444,msn.ca
1445,dnsrsearch.com
1446,finn.no
1447,googleadservices.com
1448,blogsky.com
1449,blogspot.nl
1450,discovery.com
1451,tesco.com
1452,sbnation.com
1453,discovercard.com
1454,images-amazon.com
1455,index-of-mp3s.com
1456,4pda.ru
1457,lovetime.com
1458,newsru.com
1459,sfimg.com
1460,blocket.se
1461,ynet.co.il
1462,dnaindia.com
1463,reverbnation.com
1464,sootoo.com
1465,payza.com
1466,garanti.com.tr
1467,eroprofile.com
1468,worldoftanks.ru
1469,marieclairechina.com
1470,simplyhired.com
1471,tvguide.com
1472,sports.ru
1473,yr.no
1474,jugem.jp
1475,b1.org
1476,playstation.com
1477,name.com
1478,zara.com
1479,inc.com
1480,chefkoch.de
1481,your-server.de
1482,tripadvisor.it
1483,picofile.com
1484,firstpost.com
1485,learntotradethemarket.com
1486,programme-tv.net
1487,icontact.com
1488,io9.com
1489,elheddaf.com
1490,barclays.co.uk
1491,alnaddy.com
1492,sergey-mavrodi.com
1493,ea.com
1494,kizi.com
1495,ettoday.net
1496,empowernetwork.com/2Se8w
1497,transfermarkt.de
1498,shopify.com
1499,bancobrasil.com.br
1500,blogmura.com
1501,commbank.com.au
1502,aipai.com
1503,ccidnet.com
1504,salon.com
1505,onliner.by
1506,nmisr.com
1507,vatanim.com.tr
1508,livememe.com
1509,autoscout24.de
1510,tigerdirect.com
1511,jinti.com
1512,basecamphq.com
1513,fling.com
1514,laredoute.fr
1515,whois.net
1516,myplaycity.com
1517,shutterfly.com
1518,bidorbuy.co.za
1519,credit-agricole.fr
1520,leparisien.fr
1521,adult-empire.com
1522,lotour.com
1523,ew.com
1524,panoramio.com
1525,hefei.cc
1526,internethaber.com
1527,pingomatic.com
1528,tebyan.net
1529,yam.com
1530,politico.com
1531,redbox.com
1532,it937.com
1533,funshion.com
1534,voyages-sncf.com
1535,qianyan001.com
1536,szn.cz
1537,lloydstsb.co.uk
1538,sdo.com
1539,airasia.com
1540,abckj123.com
1541,cityads.ru
1542,startimes.com
1543,hellporno.com
1544,chess.com
1545,berniaga.com
1546,tataindicom.com
1547,brothersoft.com
1548,sc4888.com
1549,priceminister.com
1550,kp.ru
1551,sinaimg.cn
1552,rackspace.com
1553,fatwallet.com
1554,ny.gov
1555,news24.com
1556,lynda.com
1557,islamweb.net
1558,avira.com
1559,softigloo.com
1560,channel157news.com
1561,mirrorcreator.com
1562,mangahere.com
1563,zerohedge.com
1564,otto.de
1565,tvn24.pl
1566,govome.com
1567,lonelyplanet.com
1568,xici.net
1569,doc88.com
1570,statigr.am
1571,clickey.com
1572,01net.com
1573,qihoo.com
1574,anitube.se
1575,haberler.com
1576,hinet.net
1577,alice.it
1578,prchecker.info
1579,spokeo.com
1580,crunchbase.com
1581,monsterindia.com
1582,khabarfarsi.com
1583,att.net
1584,vine.co
1585,okezone.com
1586,teamviewer.com
1587,zdnet.com
1588,yiqifa.com
1589,tuniu.com
1590,mogujie.com
1591,dfiles.eu
1592,dmm.com
1593,impress.co.jp
1594,friendfeed.com
1595,mmotraffic.com
1596,wykop.pl
1597,the-bux.net
1598,chomikuj.pl
1599,google.si
1600,investing.com
1601,securepaynet.net
1602,adp.com
1603,dummies.com
1604,51cto.com
1605,qip.ru
1606,freepik.com
1607,n-mobile.net
1608,tiscali.it
1609,airtelforum.com
1610,stanford.edu
1611,jagran.com
1612,get-a-fuck-tonight.com
1613,songspk.name
1614,tharunaya.co.uk
1615,egotastic.com
1616,zap2it.com
1617,bankmandiri.co.id
1618,submarino.com.br
1619,filmweb.pl
1620,victoriassecret.com
1621,6pm.com
1622,askmen.com
1623,pornpoly.com
1624,cox.com
1625,autotrader.co.uk
1626,haodf.com
1627,webalta.ru
1628,bayt.com
1629,bedbathandbeyond.com
1630,centrum.cz
1631,mcssl.com
1632,nerdbux.com
1633,maybank2u.com.my
1634,zopim.com
1635,ipage.com
1636,tympanus.net
1637,youth.cn
1638,bt.com
1639,torcache.net
1640,seobuilding.ru
1641,iltalehti.fi
1642,justclick.ru
1643,technorati.com
1644,complex.com
1645,ashemaletube.com
1646,portaldosites.com
1647,torrentz.in
1648,kotaku.com
1649,metrolyrics.com
1650,hostmonster.com
1651,mackolik.com
1652,qvc.com
1653,privatbank.ua
1654,armorgames.com
1655,clicksia.com
1656,otomoto.pl
1657,no-ip.com
1658,114so.cn
1659,ozon.ru
1660,national-lottery.co.uk
1661,seopult.ru
1662,skyscrapercity.com
1663,wo.com.cn
1664,envato.com
1665,20minutes.fr
1666,nouvelobs.com
1667,alfabank.ru
1668,royalbank.com
1669,seasonvar.ru
1670,mamba.ru
1671,gamestop.com
1672,admin5.com
1673,p5w.net
1674,mts.ru
1675,t411.me
1676,tripleclicks.com
1677,doctissimo.fr
1678,iconfinder.com
1679,trello.com
1680,oschina.net
1681,google.co.cr
1682,super.cz
1683,wwe.com
1684,dhl.com
1685,shahrekhabar.com
1686,modelmayhem.com
1687,championat.com
1688,plurk.com
1689,vipzona.info
1690,casino.com
1691,nikkansports.com
1692,kapanlagi.com
1693,avazutracking.net
1694,opencart.com
1695,ziddu.com
1696,justhost.com
1697,redfin.com
1698,sponichi.co.jp
1699,downloadha.com
1700,fishki.net
1701,easyjet.com
1702,dw.de
1703,sony.com
1704,yimg.com
1705,pornsharia.com
1706,virginmedia.com
1707,dyndns.org
1708,114la.com
1709,cisco.com
1710,ads-id.com
1711,qiwi.com
1712,zynga.com
1713,meetcheap.com
1714,poponclick.com
1715,stern.de
1716,resellerclub.com
1717,vanguardngr.com
1718,manager.co.th
1719,lady8844.com
1720,tvoyauda4a.ru
1721,pptv.com
1722,tdbank.com
1723,cloudflare.com
1724,himado.in
1725,37mnm.com
1726,bizjournals.com
1727,seowhy.com
1728,urbanspoon.com
1729,slutload.com
1730,ole.com.ar
1731,warriorplus.com
1732,bizrate.com
1733,000webhost.com
1734,skycn.com
1735,poste.it
1736,state.tx.us
1737,prezentacya.ru
1738,slashdot.org
1739,dojki.com
1740,gamme.com.tw
1741,kapook.com
1742,admaimai.com
1743,marketgid.com
1744,nic.ru
1745,jang.com.pk
1746,tecmundo.com.br
1747,betfair.com
1748,seriesyonkis.com
1749,globososo.com
1750,kenh14.vn
1751,wnd.com
1752,theatlantic.com
1753,thenextweb.com
1754,ibtimes.com
1755,vevo.com
1756,axisbank.co.in
1757,noyapps.com
1758,dfiles.ru
1759,allabout.co.jp
1760,harvard.edu
1761,aljazeera.com
1762,battlefield.com
1763,shine.com
1764,ceneo.pl
1765,profit-partner.ru
1766,labanquepostale.fr
1767,hepsiburada.com
1768,watchmygf.com
1769,infibeam.com
1770,samanyoluhaber.com
1771,garmin.com
1772,pudelek.pl
1773,lexpress.fr
1774,funnie.st
1775,sakshi.com
1776,justanswer.com
1777,sheknows.com
1778,yourgirlfriends.com
1779,21cn.com
1780,searchenginejournal.com
1781,adxite.com
1782,wetteronline.de
1783,sanjesh.org
1784,lockyourhome.com
1785,tvmuse.eu
1786,china.cn
1787,authorize.net
1788,ikariam.com
1789,xiami.com
1790,hotelscombined.com
1791,sitescout.com
1792,msn.co.jp
1793,theage.com.au
1794,srclick.ru
1795,tut.by
1796,isna.ir
1797,clubpenguin.com
1798,pcworld.com
1799,bigcartel.com
1800,indowebster.com
1801,conferenceplus.com
1802,groupon.it
1803,kajabi.com
1804,androidcentral.com
1805,justin.tv
1806,timesjobs.com
1807,anz.com
1808,trademe.co.nz
1809,heavy-r.com
1810,kimiss.com
1811,vatgia.com
1812,zeit.de
1813,audible.com
1814,westpac.com.au
1815,soccerway.com
1816,webgame.web.id
1817,a10.com
1818,inmotionhosting.com
1819,shorouknews.com
1820,discogs.com
1821,mediatakeout.com
1822,adslgate.com
1823,trafficunit.in
1824,multitran.ru
1825,prezi.com
1826,pbs.org
1827,exposedwebcams.com
1828,minecraft.net
1829,advfn.com
1830,natwest.com
1831,theweathernetwork.com
1832,clicrbs.com.br
1833,irr.ru
1834,bab.la
1835,girlsgogames.com
1836,mundodeportivo.com
1837,xl.pt
1838,keek.com
1839,directv.com
1840,fazenda.gov.br
1841,bubblews.com
1842,copyblogger.com
1843,adam4adam.com
1844,en.wordpress.com
1845,bigfishgames.com
1846,aruba.it
1847,hollywoodreporter.com
1848,elcomercio.pe
1849,asklaila.com
1850,mehrnews.com
1851,91.com
1852,iteye.com
1853,asg.to
1854,zoopla.co.uk
1855,lego.com
1856,gayromeo.com
1857,qq.cc
1858,eleconomista.es
1859,fnac.com
1860,aarp.org
1861,laposte.net
1862,airtel.com
1863,rtve.es
1864,carview.co.jp
1865,zergnet.com
1866,abola.pt
1867,yebhi.com
1868,newsnow.co.uk
1869,yandex.net
1870,index.hu
1871,orkut.com
1872,bandcamp.com
1873,realestate.com.au
1874,tistory.com
1875,ehowenespanol.com
1876,arstechnica.com
1877,ryushare.com
1878,bitsnoop.com
1879,google.com.pr
1880,hattrick.org
1881,chitika.com
1882,mypopup.ir
1883,wpbeginner.com
1884,soldonsmart.com
1885,www.net.cn
1886,tom.com
1887,sme.sk
1888,lightinthebox.com
1889,morefreecamsecrets.com
1890,familydoctor.com.cn
1891,phonearena.com
1892,guyspy.com
1893,duba.com
1894,shop-pro.jp
1895,blankrefer.com
1896,fapdu.com
1897,clickjogos.uol.com.br
1898,buysellads.com
1899,ed.gov
1900,hotpepper.jp
1901,stardoll.com
1902,jezebel.com
1903,charter.net
1904,2mdn.net
1905,xml-sitemaps.com
1906,adv-adserver.com
1907,registro.br
1908,citibank.co.in
1909,infospace.com
1910,clubic.com
1911,nick.com
1912,appnexus.com
1913,whirlpool.net.au
1914,drive2.ru
1915,bigideamastermind.com
1916,naturalnews.com
1917,forums.wordpress.com
1918,privalia.com
1919,petardas.com
1920,bc.vc
1921,santander.co.uk
1922,jumei.com
1923,cnr.cn
1924,moneysavingexpert.com
1925,d1110e4.se
1926,schwab.com
1927,empowernetwork.com/qokpPCiefhWcRT
1928,xtool.ru
1929,mercola.com
1930,n-tv.de
1931,delta-homes.com
1932,koramgame.com
1933,segundamano.es
1934,ansa.it
1935,nextmedia.com
1936,telecomitalia.it
1937,nextag.com
1938,sport.pl
1939,tutorialspoint.com
1940,suntrust.com
1941,manoramaonline.com
1942,index.hr
1943,streamate.com
1944,trialpay.com
1945,aliyun.com
1946,beforeitsnews.com
1947,globalconsumersurvey.com
1948,literotica.com
1949,xlovecam.com
1950,theglobeandmail.com
1951,economist.com
1952,dagbladet.no
1953,nate.com
1954,slando.ua
1955,centurylink.com
1956,weiphone.com
1957,rollingstone.com
1958,unam.mx
1959,popcash.net
1960,wayfair.com
1961,lg.com
1962,vinescope.com
1963,lashou.com
1964,optimizepress.com
1965,tangdou.com
1966,speedbit.com
1967,anyporn.com
1968,haivl.com
1969,diigo.com
1970,ex.ua
1971,rotapost.ru
1972,el-balad.com
1973,microsoftstore.com
1974,samsclub.com
1975,proboards.com
1976,googleapis.com
1977,cashnhits.com
1978,ip138.com
1979,national.com.au
1980,bilibili.tv
1981,nnm-club.ru
1982,ggpht.com
1983,stockphoto9.com
1984,watchtower.com
1985,yixun.com
1986,mtsindia.in
1987,ilfattoquotidiano.it
1988,nhl.com
1989,indeed.co.in
1990,discuz.net
1991,about.me
1992,hotelurbano.com.br
1993,hugedomains.com
1994,telderi.ru
1995,pbskids.org
1996,wargaming.net
1997,viglink.com
1998,jamnews.ir
1999,dailycaller.com
2000,gamigo.de
2001,affili.net
2002,greatandhra.com
2003,ohfreesex.com
2004,bookryanair.com
2005,transport-preservers.com
2006,down1oads.com
2007,local.com
2008,rakuten.com
2009,smugmug.com
2010,netshoes.com.br
2011,r2games.com
2012,worldoftanks.eu
2013,pornolab.net
2014,sulia.com
2015,nuomi.com
2016,estadao.com.br
2017,mudah.my
2018,angieslist.com
2019,tribunnews.com
2020,azet.sk
2021,huffingtonpost.co.uk
2022,liveundnackt.com
2023,megashare.info
2024,warthunder.ru
2025,adserverpub.com
2026,tracksrv.com
2027,sport1.de
2028,similarsites.com
2029,mywot.com
2030,ytimg.com
2031,brassring.com
2032,iltasanomat.fi
2033,medu.ir
2034,ilsole24ore.com
2035,ah-me.com
2036,chekb.com
2037,sonymobile.com
2038,activesearchresults.com
2039,xuite.net
2040,starwoodhotels.com
2041,tusfiles.net
2042,celebuzz.com
2043,i.ua
2044,eltiempo.com
2045,wowhead.com
2046,uptobox.com
2047,cafepress.com
2048,open24news.tv
2049,savefrom.net
2050,rivals.com
2051,cartoonnetwork.com
2052,livetv.ru
2053,ukr.net
2054,skillpages.com
2055,yandex.com
2056,starsue.net
2057,kwejk.pl
2058,blic.rs
2059,incentria.com
2060,radikal.ru
2061,webex.com
2062,zone-telechargement.com
2063,dreamhost.com
2064,tripadvisor.in
2065,ipeen.com.tw
2066,appround.net
2067,torntvz.org
2068,socialmediatoday.com
2069,freejobalert.com
2070,h33t.com
2071,tv.com
2072,moviefone.com
2073,xkcd.com
2074,google.com.sv
2075,airbnb.com
2076,deadspin.com
2077,overthumbs.com
2078,hsn.com
2079,sharebeast.com
2080,hamariweb.com
2081,siteground.com
2082,fab.com
2083,prlog.org
2084,tubepleasure.com
2085,minecraftforum.net
2086,google.co.ke
2087,oanda.com
2088,avaxho.me
2089,boxofficemojo.com
2090,media.net
2091,venturebeat.com
2092,webpagetest.org
2093,elkhabar.com
2094,vrbo.com
2095,billboard.com
2096,ulmart.ru
2097,socialmediaexaminer.com
2098,1ting.com
2099,s2d6.com
2100,instantcheckmate.com
2101,optimum.net
2102,kmart.com
2103,google.com.bo
2104,yahoo-mbga.jp
2105,reclameaqui.com.br
2106,sitemeter.com
2107,voila.fr
2108,ekstrabladet.dk
2109,arabseed.com
2110,dinamalar.com
2111,pikabu.ru
2112,ixbt.com
2113,mainichi.jp
2114,178.com
2115,wufoo.com
2116,punchng.com
2117,verycd.com
2118,support.wordpress.com
2119,videodownloadconverter.com
2120,empflix.com
2121,warez-bb.org
2122,techrepublic.com
2123,lloydstsb.com
2124,ashleyrnadison.com
2125,thestar.com
2126,maultalk.com
2127,sanspo.com
2128,amarillasinternet.com
2129,locaweb.com.br
2130,3file.info
2131,sify.com
2132,ganool.com
2133,mediaplex.com
2134,ssisurveys.com
2135,adsmarket.com
2136,kompasiana.com
2137,russianpost.ru
2138,cnbeta.com
2139,leadpages.net
2140,pornoid.com
2141,yootheme.com
2142,forever21.com
2143,asana.com
2144,gob.es
2145,cpasbien.me
2146,watchseries.lt
2147,cyberforum.ru
2148,99acres.com
2149,roboform.com
2150,bizdec.ru
2151,depositfiles.org
2152,htc.com
2153,utorrent.com
2154,myblogguest.com
2155,met-art.com
2156,starbucks.com
2157,exbii.com
2158,google.lv
2159,meetic.fr
2160,rutube.ru
2161,kommersant.ru
2162,arbeitsagentur.de
2163,zozo.jp
2164,koyotesoft.com
2165,hollyscoop.com
2166,postbank.de
2167,bufferapp.com
2168,cliphunter.com
2169,beeline.ru
2170,apsense.com
2171,mobile9.com
2172,pixmania.com
2173,tny.cz
2174,mthai.com
2175,fnb.co.za
2176,jia.com
2177,kitco.com
2178,scol.com.cn
2179,opodo.co.uk
2180,uuzu.com
2181,99designs.com
2182,startmyripple.com
2183,serverfault.com
2184,globaltestmarket.com
2185,canalblog.com
2186,drugs.com
2187,haibao.cn
2188,express.com.pk
2189,confidence-subprograms.com
2190,dns-shop.ru
2191,sozcu.com.tr
2192,faz.net
2193,meinestadt.de
2194,vagalume.com.br
2195,takataka.vn
2196,zomato.com
2197,symantec.com
2198,rarbg.com
2199,abv.bg
2200,seroundtable.com
2201,etxt.ru
2202,tripwiremagazine.com
2203,delfi.lt
2204,howtogeek.com
2205,kinozal.tv
2206,wp.com
2207,enfemenino.com
2208,lastminute.com
2209,flightradar24.com
2210,befuck.com
2211,ileehoo.com
2212,netvibes.com
2213,tripadvisor.fr
2214,jqueryui.com
2215,dpstream.net
2216,cardekho.com
2217,medicinenet.com
2218,lolking.net
2219,anjuke.com
2220,derstandard.at
2221,journaldunet.com
2222,daily.co.jp
2223,stubhub.com
2224,zoominfo.com
2225,mufg.jp
2226,bbandt.com
2227,newgrounds.com
2228,csmonitor.com
2229,secureinternetbank.com
2230,shinobi.jp
2231,vsuch.com
2232,tripadvisor.es
2233,free-lance.ru
2234,zcool.com.cn
2235,zhubajie.com
2236,expireddomains.net
2237,seobook.com
2238,afkarnews.ir
2239,hihi2.com
2240,yallakora.com
2241,www.gov.uk
2242,gudvin.tv
2243,omgpm.com
2244,evite.com
2245,dizi-mag.com
2246,hot-sex-tube.com
2247,planetsuzy.org
2248,banesconline.com
2249,2shared.com
2250,direct.gov.uk
2251,netsuite.com
2252,grotal.com
2253,safe-swaps.com
2254,eurosport.fr
2255,infojobs.net
2256,rapgenius.com
2257,realitykings.com
2258,sciencedirect.com
2259,getbootstrap.com
2260,societe.com
2261,nownews.com
2262,prnewswire.com
2263,nymag.com
2264,grindtv.com
2265,megavod.fr
2266,rabobank.nl
2267,hicdma.com
2268,2chblog.jp
2269,with2.net
2270,search.us.com
2271,foreningssparbanken.se
2272,bwin.com
2273,emirates.com
2274,emai.com
2275,makepolo.com
2276,dafiti.com.br
2277,noticiadeldia.com
2278,159.net
2279,freshbooks.com
2280,filgoal.com
2281,unfranchise.com.tw
2282,britishairways.com
2283,1stwebdesigner.com
2284,holidaycheck.de
2285,warthunder.com
2286,wikispaces.com
2287,manhunt.net
2288,thaivisa.com
2289,gfan.com
2290,niksalehi.com
2291,foundationapi.com
2292,gi-akademie.ning.com
2293,jiameng.com
2294,rising.cn
2295,ynet.com
2296,skyscanner.net
2297,googlesyndication.com
2298,extabit.com
2299,tuvaro.com
2300,ivi.ru
2301,tuenti.com
2302,autoblog.com
2303,kaspersky.com
2304,cyberciti.biz
2305,plala.or.jp
2306,agame.com
2307,boursorama.com
2308,myfonts.com
2309,advego.ru
2310,members.webs.com
2311,taobaocdn.com
2312,lurkmore.to
2313,ihct.mx
2314,topface.com
2315,alotporn.com
2316,feedreader.com
2317,gotowebinar.com
2318,yepi.com
2319,ip-adress.com
2320,w3school.com.cn
2321,seek.com.au
2322,it936.com
2323,afimet.com
2324,rafflecopter.com
2325,vid2c.com
2326,deutsche-bank.de
2327,rozetka.com.ua
2328,walla.co.il
2329,idealista.com
2330,seoprofiler.com
2331,home.pl
2332,qiyou.com
2333,bossip.com
2334,gezinti.com
2335,trafficfactory.biz
2336,myanimelist.net
2337,qualtrics.com
2338,justjared.com
2339,stylebistro.com
2340,2ch-c.net
2341,ow.ly
2342,xhamsterhq.com
2343,williamhill.com
2344,indiaresults.com
2345,superjob.ru
2346,naughtyamerica.com
2347,unicredit.it
2348,yoast.com
2349,imgchili.net
2350,cheapoair.com
2351,editor.wix.com
2352,jobsdb.com
2353,goldenline.pl
2354,google.com.uy
2355,smi2.ru
2356,jiji.com
2357,caisse-epargne.fr
2358,donkeymails.com
2359,theonion.com
2360,elconfidencial.com
2361,gonzoxxxmovies.com
2362,babble.com
2363,unibet.com
2364,doodle.com
2365,forocoches.com
2366,websitewelcome.com
2367,rueducommerce.fr
2368,ad.nl
2369,careesma.in
2370,radaronline.com
2371,menshealth.com
2372,mapion.co.jp
2373,tempo.co
2374,moneymakergroup.com
2375,bomnegocio.com
2376,loltrk.com
2377,affaritaliani.it
2378,labnol.org
2379,51fanli.com
2380,qinbei.com
2381,smart.com.au
2382,lostfilm.tv
2383,sharethis.com
2384,metacritic.com
2385,sitetalk.com
2386,xvideo-jp.com
2387,blackboard.com
2388,travelzoo.com
2389,rk.com
2390,esmas.com
2391,telekom.de
2392,webutation.net
2393,ngoisao.net
2394,mercadolibre.com.co
2395,creativecommons.org
2396,lotterypost.com
2397,jetblue.com
2398,pagseguro.uol.com.br
2399,entertainment-factory.com
2400,filefactory.com
2401,myvideo.de
2402,mihandownload.com
2403,j.gs
2404,adme.ru
2405,aibang.com
2406,telekom.com
2407,visual.ly
2408,lazada.co.id
2409,codeplex.com
2410,askubuntu.com
2411,mysearchdial.com
2412,imgbox.com
2413,smartresponder.ru
2414,lavanguardia.com
2415,myorderbox.com
2416,lancenet.com.br
2417,funnyordie.com
2418,digitalspy.co.uk
2419,wiley.com
2420,tweetdeck.com
2421,blogosfera.uol.com.br
2422,cerdas.com
2423,timewarnercable.com
2424,dzwww.com
2425,bigresource.com
2426,heureka.cz
2427,nosub.tv
2428,microsofttranslator.com
2429,ypmate.com
2430,qz.com
2431,netease.com
2432,tiexue.net
2433,zaycev.net
2434,techtudo.com.br
2435,lepoint.fr
2436,webrankinfo.com
2437,tokyo.jp
2438,apa.az
2439,click.in
2440,opensubtitles.org
2441,filmesonlinegratis.net
2442,megafon.ru
2443,socialsex.com
2444,bol.com
2445,minecraftwiki.net
2446,stargames.at
2447,cleartrip.com
2448,meneame.net
2449,quantcast.com
2450,thaiseoboard.com
2451,dynamicdrive.com
2452,tatadocomo.com
2453,metro.co.uk
2454,nocookie.net
2455,mysmartprice.com
2456,ubi.com
2457,peopleperhour.com
2458,tubeplus.me
2459,wmaraci.com
2460,ideacellular.com
2461,bancomercantil.com
2462,hotukdeals.com
2463,paytm.com
2464,imlive.com
2465,duden.de
2466,infoseek.co.jp
2467,avaaz.org
2468,cabelas.com
2469,vodafone.it
2470,logme.in
2471,merchantcircle.com
2472,googlecode.com
2473,gfxtra.com
2474,videolan.org
2475,washingtontimes.com
2476,iza.ne.jp
2477,msn.com.cn
2478,webgozar.com
2479,allmusic.com
2480,google.com.af
2481,wpmu.org
2482,chinatimes.com
2483,pornyaz.com
2484,radikal.com.tr
2485,edreams.it
2486,manageflitter.com
2487,freedigitalphotos.net
2488,citi.com
2489,computerbild.de
2490,ccavenue.com
2491,boerse.bz
2492,mangapanda.com
2493,uefa.com
2494,nk.pl
2495,strato.de
2496,streev.com
2497,abc.go.com
2498,sedty.com
2499,iptorrents.com
2500,anandtech.com
2501,tagesschau.de
2502,alarab.net
2503,expressen.se
2504,memecenter.com
2505,wumii.com
2506,hmrc.gov.uk
2507,rockettheme.com
2508,ibanking-services.com
2509,q.gs
2510,snopes.com
2511,ennaharonline.com
2512,hightail.com
2513,gongchang.com
2514,onlinecreditcenter6.com
2515,findthebest.com
2516,juegos.com
2517,pirateproxy.net
2518,iconarchive.com
2519,yougetlaid.com
2520,xmarks.com
2521,337.com
2522,yinyuetai.com
2523,z6.com
2524,linguee.de
2525,holasearch.com
2526,bnpparibas.net
2527,academia.edu
2528,socialmediabar.com
2529,haiwainet.cn
2530,shopstyle.com
2531,superpages.com
2532,sotmarket.ru
2533,shopping.com
2534,aucfan.com
2535,inetglobal.com
2536,scotiabank.com
2537,my-uq.com
2538,svyaznoy.ru
2539,sparkpeople.com
2540,societegenerale.fr
2541,2z.cn
2542,goarticles.com
2543,trend.az
2544,go2cloud.org
2545,51auto.com
2546,lindaikeji.blogspot.com
2547,nowvideo.eu
2548,bhg.com
2549,newsit.gr
2550,topsy.com
2551,sou300.com
2552,solidtrustpay.com
2553,hulkshare.com
2554,haraj.com.sa
2555,yobt.tv
2556,thetaoofbadass.com
2557,kuronekoyamato.co.jp
2558,gmarket.co.kr
2559,hsbc.com.hk
2560,google.jo
2561,care2.com
2562,blackhatteam.com
2563,ruvr.ru
2564,wikitravel.org
2565,netdna-cdn.com
2566,pureleverage.com
2567,almubasher.com.sa
2568,mafengwo.cn
2569,sport-express.ru
2570,gamersky.com
2571,bol.uol.com.br
2572,ads8.com
2573,sephora.com
2574,dvdvideosoft.com
2575,clickpaid.com
2576,akhbar-elwatan.com
2577,startpage.com
2578,softgozar.com
2579,ubuntuforums.org
2580,longhoo.net
2581,fifa.com
2582,bokra.net
2583,vivastreet.com
2584,webdesignerdepot.com
2585,mediotiempo.com
2586,filmix.net
2587,perfectinter.net
2588,meishichina.com
2589,cdc.gov
2590,folkd.com
2591,etrade.com
2592,gazzetta.gr
2593,ana.co.jp
2594,deluxeforthefuture.com
2595,gumtree.pl
2596,freemp3go.com
2597,coursera.org
2598,mashreghnews.ir
2599,punishtube.com
2600,indeed.co.uk
2601,persianv.com
2602,giaoduc.net.vn
2603,tubexclips.com
2604,xvideos.jp
2605,lds.org
2606,elong.com
2607,webdesigntunes.com
2608,inquirer.net
2609,emol.com
2610,carwale.com
2611,lzjl.com
2612,articlesbase.com
2613,wenxuecity.com
2614,yoho.cn
2615,demotywatory.pl
2616,webmasters.ru
2617,crops-selection.com
2618,xxxbunker.com
2619,berkeley.edu
2620,61baobao.com
2621,wpmudev.org
2622,rbcroyalbank.com
2623,officedepot.com
2624,jb51.net
2625,forumfree.it
2626,alnilin.com
2627,lastampa.it
2628,buienradar.nl
2629,affiliatewindow.com
2630,openoffice.org
2631,eqla3.com
2632,forbes.ru
2633,homes.com
2634,iherb.com
2635,bmo.com
2636,healthgrades.com
2637,handelsblatt.com
2638,yahoo.com.cn
2639,sweetpacks-search.com
2640,jma.go.jp
2641,topky.sk
2642,attracta.com
2643,zaobao.com
2644,wildberries.ru
2645,admin5.net
2646,nwolb.com
2647,feedjit.com
2648,dogpile.com
2649,rg.ru
2650,timeout.com
2651,to-mati.net
2652,donga.com
2653,sifyitest.com
2654,oi.com.br
2655,netload.in
2656,searchquotes.com
2657,yourfilezone.com
2658,opentable.com
2659,liberation.fr
2660,bancomer.com.mx
2661,apartmenttherapy.com
2662,scottrade.com
2663,zaluu.com
2664,dawanda.com
2665,digitaltrends.com
2666,591hx.com
2667,hinkhoj.com
2668,footmercato.net
2669,getgoodlinks.ru
2670,newyorker.com
2671,blick.ch
2672,sportsdirect.com
2673,all.biz
2674,chinaacc.com
2675,softango.com
2676,experienceproject.com
2677,empireavenue.com
2678,cams.com
2679,unity3d.com
2680,kl688.com
2681,business-standard.com
2682,mazika2day.com
2683,naij.com
2684,livesmi.com
2685,tineye.com
2686,spartoo.com
2687,fh21.com.cn
2688,mktmobi.com
2689,alriyadh.com
2690,ibps.in
2691,almesryoon.com
2692,leaseweb.com
2693,ninisite.com
2694,homeaway.com
2695,freenet.de
2696,tinydeal.com
2697,kissmetrics.com
2698,metroer.com
2699,uproxx.com
2700,capitalone360.com
2701,forumcommunity.net
2702,eharmony.com
2703,beamtele.com
2704,freelotto.com
2705,moneybookers.com
2706,magicbricks.com
2707,yell.com
2708,one.com
2709,chosun.com
2710,artlebedev.ru
2711,bestadbid.com
2712,sap.com
2713,alot.com
2714,mayajo.com
2715,neimanmarcus.com
2716,contenko.com
2717,elephanttube.com
2718,fanpage.it
2719,parallels.com
2720,tuolar.com
2721,khabarpu.com
2722,yoox.com
2723,avangate.com
2724,bigmir.net
2725,jeu.info
2726,alwafd.org
2727,videohive.net
2728,wyborcza.biz
2729,allyes.com
2730,alc.co.jp
2731,caf.fr
2732,freapp.com
2733,almogaz.com
2734,peliculasyonkis.com
2735,webry.info
2736,ranker.com
2737,uniqlo.com
2738,askmefast.com
2739,findicons.com
2740,stargazete.com
2741,zdf.de
2742,zamunda.net
2743,france24.com
2744,slimspots.com
2745,mathrubhumi.com
2746,coolmath-games.com
2747,reg.ru
2748,m1905.com
2749,woman.ru
2750,virtapay.com
2751,xnxxhdtube.com
2752,webpronews.com
2753,extremetracking.com
2754,megogo.net
2755,funnyjunk.com
2756,justunfollow.com
2757,cityheaven.net
2758,lintas.me
2759,seriescoco.com
2760,gfy.com
2761,realitatea.net
2762,strawberrynet.com
2763,arabyonline.com
2764,ford.com
2765,instaforex.com
2766,sportbox.ru
2767,omegle.com
2768,google.ba
2769,iheart.com
2770,webfail.com
2771,meb.gov.tr
2772,zemtv.com
2773,suumo.jp
2774,backlinkwatch.com
2775,xhamster.com/user/video
2776,siteduzero.com
2777,poringa.net
2778,vivanuncios.com.mx
2779,seloger.com
2780,geico.com
2781,fiducia.de
2782,adonweb.ru
2783,rojadirecta.me
2784,comdirect.de
2785,nabble.com
2786,shufuni.com
2787,b92.net
2788,gyazo.com
2789,add-anime.net
2790,imhonet.ru
2791,surveyrouter.com
2792,akairan.com
2793,p30download.com
2794,stuff.co.nz
2795,vic.gov.au
2796,wpengine.com
2797,manutd.com
2798,theplanet.com
2799,bestsexo.com
2800,withoutworking.com
2801,luvcow.com
2802,dzone.com
2803,xsrving.com
2804,hforcare.com
2805,ultimasnoticias.com.ve
2806,bankcomm.com
2807,jappy.de
2808,godlikeproductions.com
2809,blomaga.jp
2810,cncn.com
2811,tblop.com
2812,premierleague.com
2813,20min.ch
2814,consumerreports.org
2815,logitech.com
2816,icims.com
2817,trafficbroker.com
2818,youjizzlive.com
2819,philly.com
2820,bigstockphoto.com
2821,played.to
2822,persiantools.com
2823,mobafire.com
2824,kuwo.cn
2825,miniinthebox.com
2826,standardbank.co.za
2827,webnode.com
2828,anime44.com
2829,mobile.ir
2830,webdunia.com
2831,nowvideo.ch
2832,calameo.com
2833,thestreet.com
2834,computerhope.com
2835,freekaamaal.com
2836,sidereel.com
2837,pichunter.com
2838,quoka.de
2839,ncdownloader.com
2840,springer.com
2841,e1.ru
2842,vjia.com
2843,liverpoolfc.tv
2844,1tv.ru
2845,10010.com
2846,nrk.no
2847,torrentino.com
2848,whatsapp.com
2849,teacup.com
2850,tagu.com.ar
2851,ooo-sex.com
2852,rcom.co.in
2853,fitbit.com
2854,golem.de
2855,zoznam.sk
2856,vonelo.com
2857,fast-torrent.ru
2858,johnlewis.com
2859,kboing.com.br
2860,adk2.com
2861,nickjr.com
2862,aol.co.uk
2863,google.com.gh
2864,jmw.com.cn
2865,diythemes.com
2866,torrenthound.com
2867,mercadopago.com
2868,heroturko.me
2869,douguo.com
2870,rei.com
2871,blogbigtime.com
2872,korrespondent.net
2873,persiangig.com
2874,tokyo-porn-tube.com
2875,google.com.lb
2876,angelfire.com
2877,profitcentr.com
2878,bigcommerce.com
2879,seomastering.com
2880,caribbeancom.com
2881,baihe.com
2882,template-help.com
2883,willhaben.at
2884,lesechos.fr
2885,beatport.com
2886,lufthansa.com
2887,voanews.com
2888,bancdebinary.com
2889,gametop.com
2890,junbi-tracker.com
2891,ceconline.com
2892,tuan800.com
2893,rikunabi.com
2894,gigaom.com
2895,real.com
2896,royalmail.com
2897,cricbuzz.com
2898,htmlbook.ru
2899,yuku.com
2900,yyets.com
2901,collegehumor.com
2902,vidtomp3.com
2903,lusongsong.com
2904,problogger.net
2905,roflzone.com
2906,bannersbroker.com/user/adpubcombo_dashboard
2907,wordstream.com
2908,hasoffers.com
2909,couchsurfing.org
2910,shopbop.com
2911,ingbank.pl
2912,incometaxindiaefiling.gov.in
2913,classmates.com
2914,ingdirect.es
2915,pepperjamnetwork.com
2916,rae.es
2917,digu.com
2918,camster.com
2919,djelfa.info
2920,naaptol.com
2921,entekhab.ir
2922,nature.com
2923,nbc.com
2924,toshiba.com
2925,tweakers.net
2926,zhibo8.cc
2927,cnki.net
2928,fuq.com
2929,nj.com
2930,milenio.com
2931,webaslan.com
2932,dailykos.com
2933,100bestbuy.com
2934,fansshare.com
2935,ntvmsnbc.com
2936,pingan.com
2937,www.nhs.uk
2938,tfl.gov.uk
2939,memez.com
2940,prom.ua
2941,magazineluiza.com.br
2942,fontspace.com
2943,1fichier.com
2944,hollywoodlife.com
2945,filmaffinity.com
2946,izlesene.com
2947,claro-search.com
2948,qiushibaike.com
2949,abclocal.go.com
2950,memurlar.net
2951,freedownloadmanager.org
2952,cooltext.com
2953,knowyourmeme.com
2954,boingboing.net
2955,seemorgh.com
2956,awwwards.com
2957,3366.com
2958,98ia.com
2959,abs-cbnnews.com
2960,247realmedia.com
2961,vmware.com
2962,fararu.com
2963,xdating.com
2964,keywordblocks.com
2965,banamex.com.mx
2966,list-manage2.com
2967,scout.com
2968,econsultancy.com
2969,extra.com.br
2970,nasdaq.com
2971,playxn.com
2972,psu.edu
2973,venere.com
2974,jumponhottie.com
2975,bankia.es
2976,lefeng.com
2977,anipo.jp
2978,discover.com
2979,mercadolibre.com
2980,olx.pt
2981,blesk.cz
2982,mplife.com
2983,192.com
2984,bramjnet.com
2985,ntv.ru
2986,upi.com
2987,jjwxc.net
2988,pontofrio.com.br
2989,nos.nl
2990,opensooq.com
2991,veoh.com
2992,yle.fi
2993,gavick.com
2994,ebaumsworld.com
2995,irpopup.ir
2996,rotoworld.com
2997,channel4.com
2998,wattpad.com
2999,oprah.com
3000,citilink.ru
3001,perfectmoney.com
3002,floozycity.com
3003,mail.uol.com.br
3004,milliyet.tv
3005,udemy.com
3006,rocketnews24.com
3007,rzb.ir
3008,intellicast.com
3009,shabdkosh.com
3010,blog.hu
3011,sinaapp.com
3012,freepornvs.com
3013,walkerplus.com
3014,letour.fr
3015,allmyvideos.net
3016,tiboo.cn
3017,17u.com
3018,115.com
3019,mxtoolbox.com
3020,inilah.com
3021,europapress.es
3022,stockcharts.com
3023,b9dm.com
3024,filelist.ro
3025,fantasti.cc
3026,zaman.com.tr
3027,qqbaobao.com
3028,planetminecraft.com
3029,fark.com
3030,alrakoba.net
3031,rakuten-bank.co.jp
3032,yatra.com
3033,magnovideo.com
3034,fotomac.com.tr
3035,stepstone.de
3036,absa.co.za
3037,searchmetrics.com
3038,muzofon.com
3039,grepolis.com
3040,travian.com
3041,lupoporno.com
3042,climatempo.com.br
3043,clixzor.com
3044,col3negoriginal.org
3045,wetpaint.com
3046,dstv.com
3047,prizee.com
3048,zeroredirect2.com
3049,gettyimages.com
3050,rackcdn.com
3051,playboy.com
3052,in.gr
3053,eluniversal.com
3054,skladchik.com
3055,monstermarketplace.com
3056,livrariasaraiva.com.br
3057,ecplaza.net
3058,wetplace.com
3059,gelocal.it
3060,freemail.hu
3061,tharunee.lk
3062,banquepopulaire.fr
3063,dilandau.eu
3064,thomann.de
3065,wikiquote.org
3066,joemonster.org
3067,longtailvideo.com
3068,dinodirect.com
3069,livescience.com
3070,3asq.com
3071,lifenews.ru
3072,loopnet.com
3073,buzzle.com
3074,geo.tv
3075,lyricsfreak.com
3076,crackle.com
3077,marthastewart.com
3078,classifiedads.com
3079,quicksprout.com
3080,jalopnik.com
3081,blogtalkradio.com
3082,ngs.ru
3083,qire123.com
3084,halifax-online.co.uk
3085,metaffiliation.com
3086,prcm.jp
3087,cam4ads.com
3088,ebates.com
3089,dominos.com
3090,bit.ly
3091,goalunited.org
3092,telecinco.es
3093,blogspot.fi
3094,bingoodthingshappen.com
3095,mouthshut.com
3096,lipsum.com
3097,mediabistro.com
3098,mvideo.ru
3099,slutfinder.com
3100,realsimple.com
3101,everydayhealth.com
3102,beyond.com
3103,dailyfinance.com
3104,showup.tv
3105,flashscore.com
3106,indiarailinfo.com
3107,watchcartoononline.com
3108,tomtom.com
3109,homestead.com
3110,hawaaworld.com
3111,fontsquirrel.com
3112,lvmama.com
3113,tokopedia.com
3114,payserve.com
3115,aftenposten.no
3116,cibc.com
3117,quickmeme.com
3118,lomadee.com
3119,billionuploads.com
3120,bbvanet.com.mx
3121,argentinawarez.com
3122,tvrain.ru
3123,xvideos-field.com
3124,google.lu
3125,gandul.info
3126,baby.ru
3127,twiends.com
3128,nazwa.pl
3129,columbia.edu
3130,clickpoint.com
3131,bsnl.co.in
3132,778669.com
3133,softonic.fr
3134,newsbomb.gr
3135,usagc.org
3136,kandao.com
3137,a8.net
3138,geenstijl.nl
3139,tutu.ru
3140,18andabused.com
3141,bangbros.com
3142,intentmedia.net
3143,portalnet.cl
3144,2ip.ru
3145,fbdownloader.com
3146,atpworldtour.com
3147,runetki.com
3148,chinaiiss.com
3149,bigrock.in
3150,blekko.com
3151,megafilmeshd.net
3152,loveplanet.ru
3153,jiathis.com
3154,funmoods.com
3155,vedomosti.ru
3156,next.co.uk
3157,tripadvisor.de
3158,jagranjosh.com
3159,zhenai.com
3160,addictinggames.com
3161,yokamen.cn
3162,nseindia.com
3163,ymlp.com
3164,ecollege.com
3165,dulcebank.com
3166,yaplog.jp
3167,carschina.com
3168,deadline.com
3169,sherdog.com
3170,warning.or.kr
3171,rue89.com
3172,ellislab.com
3173,exist.ru
3174,b2b.cn
3175,webrankstats.com
3176,jcrew.com
3177,mint.com
3178,talkfusion.com
3179,fcbarcelona.com
3180,orkut.com.br
3181,svaiza.com
3182,drugstore.com
3183,list.ru
3184,gaana.com
3185,clip2net.com
3186,netaffiliation.com
3187,admitad.com
3188,jobstreet.com
3189,coffetube.com
3190,sciencedaily.com
3191,refinery29.com
3192,gardenweb.com
3193,nzherald.co.nz
3194,ripoffreport.com
3195,techtunes.com.bd
3196,vmall.com
3197,cornell.edu
3198,cheshi.com.cn
3199,mywebgrocer.com
3200,youjizzlive.net
3201,starbaby.cn
3202,akismet.com
3203,iol.pt
3204,discuss.com.hk
3205,fastcompany.com
3206,camfrog.com
3207,rzd.ru
3208,dice.com
3209,alexaboostup.com
3210,ioffer.com
3211,tuttomercatoweb.com
3212,gigazine.net
3213,jahannews.com
3214,scriptmafia.org
3215,bakecaincontrii.com
3216,aionfreetoplay.com
3217,ashleymadison.com
3218,wechat.com
3219,whitesmoke.com
3220,novamov.com
3221,wayn.com
3222,usembassy.gov
3223,psychologytoday.com
3224,standardchartered.com
3225,bollywoodhungama.com
3226,storify.com
3227,vmoptions.com
3228,oriflame.com
3229,torrentreactor.net
3230,nwsource.com
3231,google.co.tz
3232,incruit.com
3233,akharinnews.com
3234,buxp.org
3235,olx.co.za
3236,enom.com
3237,buenastareas.com
3238,pixhost.org
3239,sevenforums.com
3240,wickedfire.com
3241,techtarget.com
3242,volusion.com
3243,ofreegames.com
3244,eol.cn
3245,logsoku.com
3246,chow.com
3247,bendibao.com
3248,immowelt.de
3249,weightwatchers.com
3250,gilt.com
3251,oricon.co.jp
3252,barbie.com
3253,watchfreemovies.ch
3254,fancy.com
3255,turkishairlines.com
3256,egyup.com
3257,robokassa.ru
3258,thetoptens.com
3259,fetlife.com
3260,admcsport.com
3261,google.ee
3262,daniweb.com
3263,klmty.net
3264,infonews.com
3265,365jia.cn
3266,cari.com.my
3267,immoral.jp
3268,1and1.es
3269,republika.co.id
3270,junkmail.co.za
3271,scrubtheweb.com
3272,bongacams.com
3273,gofundme.com
3274,trenitalia.com
3275,3djuegos.com
3276,uspto.gov
3277,euronews.com
3278,locanto.in
3279,taojindi.com
3280,google.com.om
3281,hotmart.com.br
3282,autodesk.com
3283,up2c.com
3284,nhaccuatui.com
3285,greatergood.com
3286,skrill.com
3287,realclearpolitics.com
3288,tyroodr.com
3289,hangame.co.jp
3290,timeweb.ru
3291,savenkeep.com
3292,nocoty.pl
3293,mercadolibre.cl
3294,eltiempo.es
3295,osym.gov.tr
3296,madthumbs.com
3297,reliancebroadband.co.in
3298,forosdelweb.com
3299,imanhua.com
3300,marksandspencer.com
3301,dumpert.nl
3302,icq.com
3303,1saleaday.com
3304,signup.wordpress.com
3305,balatarin.com
3306,codecademy.com
3307,tn.com.ar
3308,divyabhaskar.co.in
3309,etradenow.cn
3310,zedge.net
3311,bezaat.com
3312,lifescript.com
3313,lolspotsarticles.com
3314,dailyfx.com
3315,jeevansathi.com
3316,tre.it
3317,jusbrasil.com.br
3318,ali213.net
3319,protothema.gr
3320,jobdiagnosis.com
3321,jal.co.jp
3322,wjunction.com
3323,theknot.com
3324,adxhosting.net
3325,jsoftj.com
3326,uservoice.com
3327,liputan6.com
3328,ampnetzwerk.de
3329,bearshare.com
3330,createspace.com
3331,google.cm
3332,tbs.co.jp
3333,zonealarm.com
3334,samplicio.us
3335,anchorfree.net
3336,ezilon.com
3337,acrobat.com
3338,webgame.in.th
3339,llnw.com
3340,prosperityteam.com
3341,myflorida.com
3342,uidai.gov.in
3343,360buy.com
3344,crunchyroll.com
3345,hsbc.com.mx
3346,e-autopay.com
3347,lelong.com.my
3348,krypt.com
3349,appannie.com
3350,tankionline.com
3351,amd.com
3352,titan24.com
3353,ricardo.ch
3354,campaign-archive1.com
3355,nieuwsblad.be
3356,gtbank.com
3357,fmworld.net
3358,lan.com
3359,cnwnews.com
3360,hln.be
3361,whatismyip.com
3362,angel-live.com
3363,7search.com
3364,voicefrom.me
3365,inlinkz.com
3366,gruposantander.es
3367,benesse.ne.jp
3368,ems.com.cn
3369,esuteru.com
3370,bhinneka.com
3371,gigporno.com
3372,ab-in-den-urlaub.de
3373,525j.com.cn
3374,nguoiduatin.vn
3375,plotek.pl
3376,irib.ir
3377,tvtropes.org
3378,sekindo.com
3379,solomono.ru
3380,am15.net
3381,flirt.com
3382,utexas.edu
3383,soha.vn
3384,urban-rivals.com
3385,lycos.com
3386,t3n.de
3387,3dnews.ru
3388,4738.com
3389,wallstcheatsheet.com
3390,manhub.com
3391,n4g.com
3392,rassd.com
3393,nationwide.co.uk
3394,gharreh.com
3395,55tuan.com
3396,feedads-srv.com
3397,wa.gov
3398,hostelworld.com
3399,heavy.com
3400,oyunmoyun.com
3401,glopart.ru
3402,online-convert.com
3403,xinnet.com
3404,identi.li
3405,blogdetik.com
3406,joomlart.com
3407,pornorama.com
3408,arcor.de
3409,btemplates.com
3410,whmcs.com
3411,cima4u.com
3412,alwatanvoice.com
3413,pulscen.ru
3414,csfd.cz
3415,guru.com
3416,computerbase.de
3417,china.com
3418,binary-machine.com
3419,techsmith.com
3420,theregister.co.uk
3421,genieo.com
3422,alfemminile.com
3423,realtor.ca
3424,wyborcza.pl
3425,bouyguestelecom.fr
3426,skroutz.gr
3427,hola.com
3428,books.com.tw
3429,x-art.com
3430,megaindex.ru
3431,desidime.com
3432,socialspark.com
3433,malaysiakini.com
3434,siasat.pk
3435,gopro.com
3436,google.com.py
3437,orange.pl
3438,qpic.cn
3439,dasoertliche.de
3440,jstv.com
3441,yourwebsite.com
3442,gosuslugi.ru
3443,usairways.com
3444,goibibo.com
3445,alef.ir
3446,vietnamnet.vn
3447,clickfair.com
3448,tophotels.ru
3449,dnb.no
3450,dl-protect.com
3451,aukro.cz
3452,kolesa.kz
3453,twipple.jp
3454,rookee.ru
3455,uscis.gov
3456,endomondo.com
3457,trovaprezzi.it
3458,academic.ru
3459,intodns.com
3460,india-forums.com
3461,google.com.ni
3462,jeu-a-telecharger.com
3463,twickerz.com
3464,hiapk.com
3465,8tracks.com
3466,money.pl
3467,filmifullizle.com
3468,jungle.gr
3469,lidl.de
3470,kataskopoi.com
3471,pricegrabber.com
3472,nexusmods.com
3473,gofeminin.de
3474,cyberpresse.ca
3475,pchouse.com.cn
3476,regions.com
3477,ccbill.com
3478,amoureux.com
3479,imvu.com
3480,gizmag.com
3481,arvixe.com
3482,independent.ie
3483,efukt.com
3484,fatcow.com
3485,day.az
3486,economia.uol.com.br
3487,pgatour.com
3488,tinhte.vn
3489,shoutmeloud.com
3490,seochat.com
3491,fonearena.com
3492,sambaporno.com
3493,bravoerotica.com
3494,acesso.uol.com.br
3495,neogaf.com
3496,qype.com
3497,xrea.com
3498,tsn.ca
3499,zeroredirect1.com
3500,source-wave.com
3501,celebritynetworth.com
3502,07073.com
3503,empowernetwork.com/commissionloophole.php
3504,loxblog.com
3505,listverse.com
3506,herokuapp.com
3507,sbisec.co.jp
3508,vector.co.jp
3509,draugiem.lv
3510,webgains.com
3511,finanzen.net
3512,excelsior.com.mx
3513,egopay.com
3514,gaadi.com
3515,talktalk.co.uk
3516,hot-live-chat.com
3517,seoclerks.com
3518,joins.com
3519,weloveshopping.com
3520,tubewolf.com
3521,antena3.com
3522,mileroticos.com
3523,rainpow.com
3524,subtitleseeker.com
3525,comodo.com
3526,linode.com
3527,dion.ne.jp
3528,monova.org
3529,campaign-archive2.com
3530,ec21.com
3531,rlslog.net
3532,sport24.gr
3533,urbanoutfitters.com
3534,google.ci
3535,theatlanticwire.com
3536,colissimo.fr
3537,mixcloud.com
3538,sony.jp
3539,aboutus.org
3540,guiamais.com.br
3541,kotobank.jp
3542,wikibooks.org
3543,dlsite.com
3544,groupon.co.in
3545,freshersworld.com
3546,tupaki.com
3547,nsw.gov.au
3548,android4tw.com
3549,edreams.es
3550,developpez.net
3551,bearshare.net
3552,91jm.com
3553,123-reg.co.uk
3554,vodafone.in
3555,sport-fm.gr
3556,androidforums.com
3557,forumotion.com
3558,appbank.net
3559,planetromeo.com
3560,miami.com
3561,laughnfiddle.com
3562,cnhubei.com
3563,wonderhowto.com
3564,canon.com
3565,ieee.org
3566,endlessmatches.com
3567,wizard101.com
3568,timesofindia.com
3569,dallasnews.com
3570,moonbasa.com
3571,dig.do
3572,gulfnews.com
3573,mydealz.de
3574,mojang.com
3575,nyc.gov
3576,passportindia.gov.in
3577,lun.com
3578,isbank.com.tr
3579,zjol.com.cn
3580,builtwith.com
3581,tam.com.br
3582,publico.es
3583,cambridge.org
3584,flagcounter.com
3585,kindgirls.com
3586,dwnews.com
3587,mako.co.il
3588,newsbeast.gr
3589,wikiwiki.jp
3590,decolar.com
3591,hsbc.com
3592,tripadvisor.jp
3593,firestorage.jp
3594,jutarnji.hr
3595,xxxkinky.com
3596,mob.org
3597,dkb.de
3598,webfirstrow.eu
3599,gaymaletube.com
3600,yupoo.com
3601,jzip.com
3602,usda.gov
3603,apple.com.cn
3604,hgtv.com
3605,grantland.com
3606,mylife.com
3607,findagrave.com
3608,joyreactor.cc
3609,travian.com.sa
3610,erepublik.com
3611,linuxquestions.org
3612,videarn.com
3613,seesaa.jp
3614,utro.ru
3615,aol.de
3616,tokyo-tube.com
3617,windguru.cz
3618,nationalpost.com
3619,quibids.com
3620,bbva.es
3621,36kr.com
3622,paginegialle.it
3623,cineblog01.net
3624,svd.se
3625,anonymouse.org
3626,exam8.com
3627,bodisparking.com
3628,uploading.com
3629,service-public.fr
3630,3158.cn
3631,vkrugudruzei.ru
3632,brazzersnetwork.com
3633,37signals.com
3634,mizuhobank.co.jp
3635,acfun.tv
3636,fileice.net
3637,focalprice.com
3638,goo-net.com
3639,mediaite.com
3640,stirileprotv.ro
3641,ghatreh.com
3642,tune.pk
3643,newsmth.net
3644,huffingtonpost.fr
3645,pokerstrategy.com
3646,desi-tashan.com
3647,net-a-porter.com
3648,wisegeek.com
3649,yepme.com
3650,mirtesen.ru
3651,yummly.com
3652,lainformacion.com
3653,blogutils.net
3654,huffingtonpost.ca
3655,rentalcars.com
3656,bhsrv.net
3657,okazii.ro
3658,datpiff.com
3659,dastelefonbuch.de
3660,dn.se
3661,abnamro.nl
3662,indianpornvideos.com
3663,triberr.com
3664,imgchili.com
3665,net.hr
3666,cnfol.com
3667,ebookbrowse.com
3668,defaultsear.ch
3669,kakprosto.ru
3670,fastclick.com
3671,arsenal.com
3672,google.com.np
3673,die-boersenformel.com
3674,blogspot.cz
3675,metafilter.com
3676,text.ru
3677,webmotors.com.br
3678,neverblue.com
3679,mysavings.com
3680,worldfree4u.com
3681,msnbc.com
3682,libertaddigital.com
3683,lachainemeteo.com
3684,nps.gov
3685,te3p.com
3686,filenuke.com
3687,godvine.com
3688,fenopy.se
3689,utsprofitads.com
3690,mango.com
3691,fumu.com
3692,google.hn
3693,azcentral.com
3694,gorillavid.in
3695,empowernetwork.com/almostasecret.php
3696,thinkgeek.com
3697,babyblog.ru
3698,racing-games.com
3699,pizzahut.com
3700,infojobs.it
3701,incredimail.com
3702,geocaching.com
3703,cancan.ro
3704,haowangpu.com
3705,e-travel.com
3706,juegosjuegos.com
3707,latercera.cl
3708,mzamin.com
3709,citysearch.com
3710,panasonic.jp
3711,rankingsandreviews.com
3712,nationalreview.com
3713,uloz.to
3714,cas.sk
3715,sf-express.com
3716,shopzilla.com
3717,p.ht
3718,mci.ir
3719,lcl.fr
3720,s1979.com
3721,dihitt.com
3722,movistar.es
3723,nationalrail.co.uk
3724,earn-on.com
3725,kurir-info.rs
3726,wsodownloads.info
3727,autoscout24.it
3728,cuantarazon.com
3729,itv.com
3730,desirulez.net
3731,theoldreader.com
3732,tirage24.com
3733,asda.com
3734,batepapo.uol.com.br
3735,reed.co.uk
3736,pitchfork.com
3737,kuaibo.com
3738,blogspot.hu
3739,apserver.net
3740,lowyat.net
3741,peru21.pe
3742,torrentfreak.com
3743,comedycentral.com
3744,jne.co.id
3745,communication-magnet.com
3746,fileswap.com
3747,freeonlinegames.com
3748,kelkoo.com
3749,gadyd.com
3750,laptopmag.com
3751,dospy.com
3752,wer-kennt-wen.de
3753,kankanews.com
3754,s-oman.net
3755,twitterfeed.com
3756,rss2search.com
3757,google.com.bh
3758,zimbra.free.fr
3759,shangdu.com
3760,comunio.de
3761,bluewin.ch
3762,techspot.com
3763,mainlink.ru
3764,gamma-ic.com
3765,kijiji.it
3766,banorte.com
3767,emag.ro
3768,hawamer.com
3769,im286.com
3770,rfi.fr
3771,publipt.com
3772,alfalfalfa.com
3773,gsp.ro
3774,serving-sys.com
3775,santander.com.br
3776,bbom.com.br
3777,blogspot.ch
3778,inboxdollars.com
3779,hdwallpapers.in
3780,pideo.net
3781,smotri.com
3782,funda.nl
3783,serviporno.com
3784,priples.com
3785,game3737.com
3786,chime.in
3787,peerfly.com
3788,tunisia-sat.com
3789,groupon.co.uk
3790,commerzbanking.de
3791,xcams.com
3792,fineartamerica.com
3793,giantbomb.com
3794,jumia.com.ng
3795,seitwert.de
3796,yammer.com
3797,pcadvisor.co.uk
3798,sprashivai.ru
3799,photoshelter.com
3800,dbs.com
3801,17track.net
3802,myshopping.com.au
3803,joystiq.com
3804,gsm.ir
3805,eurosport.com
3806,neteller.com
3807,iol.co.za
3808,rdio.com
3809,smzdm.com
3810,immonet.de
3811,tradetracker.com
3812,redbubble.com
3813,popsugar.com
3814,virgula.uol.com.br
3815,smartfren.com
3816,pons.eu
3817,auctiva.com
3818,motor-talk.de
3819,emoneyspace.com
3820,webcamo.com
3821,rpp.com.pe
3822,funweek.it
3823,2checkout.com
3824,unifiedlayer.com
3825,photodune.net
3826,mafiashare.net
3827,dr.dk
3828,web-opinions.com
3829,indiblogger.in
3830,unbounce.com
3831,trend.com.cn
3832,shoplocal.com
3833,gsmhosting.com
3834,chinaunix.net
3835,wallpaperswide.com
3836,devfinder.net
3837,thestar.com.my
3838,debenhams.com
3839,meilele.com
3840,dawn.com
3841,yodobashi.com
3842,roi.ru
3843,guokr.com
3844,ligatus.com
3845,sub.jp
3846,christianpost.com
3847,hyatt.com
3848,dobreprogramy.pl
3849,virgin-atlantic.com
3850,intercambiosvirtuales.org
3851,24trk.com
3852,ebrun.com
3853,allvoices.com
3854,my-link.pro
3855,milli.az
3856,softy360.com
3857,hardware.fr
3858,mp3.es
3859,yellowpages.ca
3860,groupon.de
3861,truthaboutabs.com
3862,payu.in
3863,v7n.com
3864,ajc.com
3865,lumovies.com
3866,apontador.com.br
3867,jetstar.com
3868,almanar.com.lb
3869,yeslibertin.com
3870,games.co.id
3871,mozilla.com
3872,atlassian.net
3873,traffic-delivery.com
3874,allanalpass.com
3875,hottube.me
3876,safecart.com
3877,wplocker.com
3878,lvye.cn
3879,api.ning.com
3880,publico.pt
3881,xdf.cn
3882,myhabit.com
3883,tvb.com
3884,inbox.lv
3885,ptt.cc
3886,muyzorras.com
3887,expansiondirecto.com
3888,1e100.net
3889,jino.ru
3890,thekitchn.com
3891,uwants.com
3892,sky.it
3893,mappy.com
3894,foxbusiness.com
3895,madmimi.com
3896,intelius.com
3897,skorer.tv
3898,webdesignledger.com
3899,8684.cn
3900,reduxmediia.com
3901,autov.com.cn
3902,sogi.com.tw
3903,zerx.ru
3904,rbcdaily.ru
3905,centerblog.net
3906,24sata.hr
3907,xiaomi.cn
3908,newone.org
3909,dict.cn
3910,blogcu.com
3911,rajanews.com
3912,gophoto.it
3913,thegfnetwork.com
3914,iobit.com
3915,christianmingle.com
3916,aktuality.sk
3917,7120.com
3918,baomoi.com
3919,conrad.de
3920,getcashforsurveys.com
3921,pubdirecte.com
3922,groupon.com.br
3923,siliconindia.com
3924,searchresultsguide.com
3925,business2community.com
3926,hotscripts.com
3927,eforosh.com
3928,marmiton.org
3929,woobox.com
3930,newser.com
3931,quackit.com
3932,searchtherightwords.com
3933,leadimpact.com
3934,lavozdegalicia.es
3935,mediatemple.net
3936,omniture.com
3937,papajohns.com
3938,xero.com
3939,sponsoredreviews.com
3940,webdeveloper.com
3941,active.com
3942,teensnow.com
3943,airliners.net
3944,freemake.com
3945,spiceworks.com
3946,wn.com
3947,shopping.uol.com.br
3948,mail2web.com
3949,winzip.com
3950,klm.com
3951,islamicfinder.org
3952,televisionfanatic.com
3953,getpocket.com
3954,officemax.com
3955,takungpao.com
3956,17k.com
3957,origo.hu
3958,elektroda.pl
3959,namejet.com
3960,kimsufi.com
3961,regnum.ru
3962,1news.az
3963,newsvine.com
3964,google.com.kh
3965,hostelbookers.com
3966,miniih.com
3967,53.com
3968,2gis.ru
3969,saksfifthavenue.com
3970,listal.com
3971,aftabnews.ir
3972,vitacost.com
3973,kddi.com
3974,tcsbank.ru
3975,123greetings.com
3976,apkmania.co
3977,thinkprogress.org
3978,journaldesfemmes.com
3979,organogold.com
3980,modcloth.com
3981,mmtrends.co
3982,fotocasa.es
3983,tryflirting.com
3984,subdivx.com
3985,sportingnews.com
3986,allthingsd.com
3987,elcorteingles.es
3988,cosmopolitan.com
3989,ringcentral.com
3990,orange.co.uk
3991,state.pa.us
3992,upenn.edu
3993,perfil.com.ar
3994,lent.az
3995,ciudad.com.ar
3996,kayako.com
3997,theoatmeal.com
3998,nur.kz
3999,thepostgame.com
4000,realgfporn.com
4001,worldadult-videos.info
4002,kootation.com
4003,templatic.com
4004,rapidcontentwizard.com
4005,mywapblog.com
4006,gidonlinekino.com
4007,libertatea.ro
4008,leroymerlin.fr
4009,pastdate.com
4010,umich.edu
4011,premium-display.com
4012,blogun.ru
4013,hs.fi
4014,benchmarkemail.com
4015,band.uol.com.br
4016,un.org
4017,wikidot.com
4018,fok.nl
4019,spielaffe.de
4020,t88u.com
4021,hbr.org
4022,joomlaforum.ru
4023,babyschool.com.cn
4024,ne10.uol.com.br
4025,egyptiansnews.com
4026,ssa.gov
4027,sportlemon.tv
4028,po.st
4029,rechargeitnow.com
4030,livechatinc.com
4031,screenrant.com
4032,informationng.com
4033,edublogs.org
4034,peeplo.com
4035,hardwarezone.com.sg
4036,rencontreshard.com
4037,pornbb.org
4038,800notes.com
4039,doctoroz.com
4040,searchfun.in
4041,gooddrama.net
4042,mozook.com
4043,blogher.com
4044,publika.az
4045,empowernetwork.com/+LO9YhVOjRPGiarC7uA9iA==
4046,hatenablog.com
4047,pepperfry.com
4048,creativebloq.com
4049,dslreports.com
4050,btvguide.com
4051,oneandone.co.uk
4052,nanapi.jp
4053,rajasthan.gov.in
4054,zigwheels.com
4055,sixrevisions.com
4056,elespectador.com
4057,powerball.com
4058,kriesi.at
4059,aif.ru
4060,irecommend.ru
4061,online.sh.cn
4062,readmanga.eu
4063,crackberry.com
4064,connectlondoner.com
4065,wayport.net
4066,jorudan.co.jp
4067,clipconverter.cc
4068,thesuperficial.com
4069,cuevana.tv
4070,hichina.com
4071,cuantocabron.com
4072,cloudzer.net
4073,occ.com.mx
4074,iautos.cn
4075,epicurious.com
4076,ime.nu
4077,filmon.com
4078,88db.com
4079,weeronline.nl
4080,similarweb.com
4081,sdpnoticias.com
4082,smartaddressbar.com
4083,shtyle.fm
4084,qiwi.ru
4085,calottery.com
4086,malaysian-inc.com
4087,gocomics.com
4088,metoffice.gov.uk
4089,tenki.jp
4090,wmzona.com
4091,beareyes.com.cn
4092,mojo-themes.com
4093,fujitv.co.jp
4094,corrieredellosport.it
4095,health.com
4096,macworld.com
4097,holiday-weather.com
4098,terere.info
4099,generalfiles.org
4100,paruvendu.fr
4101,95559.com.cn
4102,telkomsel.com
4103,ameritrade.com
4104,promosite.ru
4105,secondlife.com
4106,orange.es
4107,gaytube.com
4108,phoenix.edu
4109,sina.com
4110,mobifiesta.com
4111,rai.it
4112,worldoftanks.com
4113,xabbs.com
4114,mnn.com
4115,avvo.com
4116,ovguide.com
4117,nvidia.com
4118,vbulletin.com
4119,commonfloor.com
4120,usgs.gov
4121,opendns.com
4122,bsnl.in
4123,vodafone.de
4124,speckyboy.com
4125,natunbarta.com
4126,deviantclip.com
4127,gruenderszene.de
4128,ntvspor.net
4129,testberichte.de
4130,bni.co.id
4131,rp-online.de
4132,smbc.co.jp
4133,multiclickbrasil.com.br
4134,emgoldex.com
4135,panxh.com
4136,domain.com.au
4137,hotnewhiphop.com
4138,motortrend.com
4139,4travel.jp
4140,origin.com
4141,lovefilm.com
4142,playpw.com
4143,hamshahrionline.ir
4144,accorhotels.com
4145,kinomaniak.tv
4146,debonairblog.com
4147,ria.ua
4148,tchibo.de
4149,dickssportinggoods.com
4150,volkskrant.nl
4151,telmex.com
4152,videogenesis.com
4153,datehookup.com
4154,musavat.com
4155,web.com
4156,amtrak.com
4157,18schoolgirlz.com
4158,flalottery.com
4159,xinmin.cn
4160,rakuten-card.co.jp
4161,bom.gov.au
4162,animoto.com
4163,acer.com
4164,playerflv.com
4165,naosalvo.com.br
4166,howlifeworks.com
4167,puu.sh
4168,pipl.com
4169,tucarro.com
4170,intesasanpaolo.com
4171,wizzair.com
4172,totaljobs.com
4173,it935.com
4174,mapsofindia.com
4175,hillnews.com
4176,zimabdk.com
4177,vgsgaming.com
4178,aprod.hu
4179,deser.pl
4180,tuttosport.com
4181,pixabay.com
4182,o2online.de
4183,mlive.com
4184,allezleslions.com
4185,teamtreehouse.com
4186,philips.com
4187,relianceada.com
4188,whitehouse.gov
4189,softonic.it
4190,wordtracker.com
4191,kienthuc.net.vn
4192,freep.com
4193,bloomingdales.com
4194,casasbahia.com.br
4195,pandora.tv
4196,homes.co.jp
4197,push2check.net
4198,everything.org.uk
4199,linguee.fr
4200,ibotoolbox.com
4201,aukro.ua
4202,uzai.com
4203,oreilly.com
4204,amarujala.com
4205,tomsguide.fr
4206,mercadolibre.com.pe
4207,amctv.com
4208,mystart.com
4209,purepeople.com
4210,3dmgame.com
4211,iis.net
4212,taikang.com
4213,cleanfiles.net
4214,47news.jp
4215,nation.com
4216,clicksure.com
4217,ibibo.com
4218,ecnavi.jp
4219,wanelo.com
4220,watch32.com
4221,grazia.com.cn
4222,clker.com
4223,jike.com
4224,hosteurope.de
4225,bigxvideos.com
4226,geocities.co.jp
4227,e-rewards.com
4228,alluc.to
4229,ebay.at
4230,gratka.pl
4231,yiiframework.com
4232,myfxbook.com
4233,express.co.uk
4234,vod.pl
4235,worldpay.com
4236,qafqazinfo.az
4237,ievbz.com
4238,cam4.de.com
4239,lifeofastrangerwhostolemyphone.tumblr.com
4240,tripadvisor.ca
4241,imageporter.com
4242,thisav.com
4243,greenwichmeantime.com
4244,searchcompletion.com
4245,three.co.uk
4246,trafficshop.com
4247,westernunion.com
4248,umn.edu
4249,digsitesvalue.net
4250,fobshanghai.com
4251,macrojuegos.com
4252,200please.com
4253,bancsabadell.com
4254,didigames.com
4255,milb.com
4256,appthemes.com
4257,lobstertube.com
4258,dynadot.com
4259,bitbucket.org
4260,sovsport.ru
4261,uploadboy.com
4262,tudogostoso.uol.com.br
4263,idlebrain.com
4264,rawstory.com
4265,adtech.info
4266,bangkokpost.com
4267,zurb.com
4268,spyfu.com
4269,saudiairlines.com
4270,yardbarker.com
4271,ilovemobi.com
4272,admob.com
4273,voegol.com.br
4274,p30world.com
4275,navitime.co.jp
4276,wholesale-dress.net
4277,wapka.mobi
4278,popsci.com
4279,dm5.com
4280,gogoanime.com
4281,flightaware.com
4282,ebizmba.com
4283,news247.gr
4284,displayadfeed.com
4285,parsiblog.com
4286,the-officialsurvey.com
4287,sergeymavrodi.com
4288,adreactor.com
4289,afisha.ru
4290,link-assistant.com
4291,slaati.com
4292,mrskin.com
4293,taoche.com
4294,allgameshome.com
4295,here.com
4296,4porn.com
4297,disneylatino.com
4298,peru.com
4299,west263.com
4300,m5zn.com
4301,softbank.jp
4302,ge.tt
4303,blogspot.no
4304,ijreview.com
4305,aaa.com
4306,tracklab101.com
4307,formula1.com
4308,smartshe.com
4309,bmail.uol.com.br
4310,abebooks.com
4311,hitta.se
4312,wordlinx.com
4313,pracuj.pl
4314,bt.dk
4315,toluna.com
4316,kinja.com
4317,astro.com
4318,scientificamerican.com
4319,nyu.edu
4320,cqnews.net
4321,iran-tejarat.com
4322,googleping.com
4323,maxbounty.com
4324,zoomby.ru
4325,yengo.com
4326,pagewash.com
4327,accenture.com
4328,to8to.com
4329,anspress.com
4330,comunidades.net
4331,cheetahmail.com
4332,ss.lv
4333,tune-up.com
4334,rte.ie
4335,mindbodygreen.com
4336,madsextube.com
4337,apk.tw
4338,itar-tass.com
4339,kabum.com.br
4340,themeok.com
4341,rubias19.com
4342,bestgfx.com
4343,suomi24.fi
4344,whicdn.com
4345,lacentrale.fr
4346,discart.ru
4347,mk.ru
4348,qianlong.com
4349,lineadirecta.com
4350,debian.org
4351,leguide.com
4352,cloud-connect.net
4353,hoovers.com
4354,playatmcd.com
4355,thoughtcatalog.com
4356,guaixun.com
4357,desitvforum.net
4358,movshare.net
4359,state.nj.us
4360,enterprise.com
4361,shoptime.com.br
4362,colourlovers.com
4363,videobash.com
4364,hackforums.net
4365,viator.com
4366,toofab.com
4367,dealnews.com
4368,arcot.com
4369,marketo.com
4370,3bmeteo.com
4371,marketingland.com
4372,diamond.jp
4373,boots.com
4374,hsw.cn
4375,milfmovs.com
4376,j-cast.com
4377,recipesfinder.com
4378,talkgold.com
4379,crazyegg.com
4380,confirmit.com
4381,loc.gov
4382,creditkarma.com
4383,webmastersitesi.com
4384,smartpassiveincome.com
4385,pcgamer.com
4386,washington.edu
4387,strava.com
4388,hourlyrevshare.net
4389,rasekhoon.net
4390,qoo10.sg
4391,hujiang.com
4392,ssc.nic.in
4393,peperonity.de
4394,e-junkie.com
4395,codepen.io
4396,91mobiles.com
4397,lankadeepa.lk
4398,51hejia.com
4399,jxnews.com.cn
4400,verticalresponse.com
4401,trainenquiry.com
4402,pcwelt.de
4403,bostonglobe.com
4404,advertising.com
4405,burrp.com
4406,uolhost.com.br
4407,potterybarn.com
4408,lolmake.com
4409,tomoson.com
4410,uludagsozluk.com
4411,ravelry.com
4412,sexad.net
4413,mha.nic.in
4414,slon.ru
4415,markethealth.com
4416,inkthemes.com
4417,runescape.com
4418,bola.net
4419,powned.tv
4420,archdaily.com
4421,livetvstatic.ru
4422,lrytas.lt
4423,creditmutuel.fr
4424,trustedoffer.com
4425,blogdohotelurbano.com
4426,popcap.com
4427,odatv.com
4428,comingsoon.net
4429,sucuri.net
4430,autozone.com
4431,srvey.net
4432,tribune.com.pk
4433,townhall.com
4434,embedupload.com
4435,denverpost.com
4436,alternet.org
4437,claro.com.br
4438,vbox7.com
4439,28tui.com
4440,tamindir.com
4441,addtoany.com
4442,aliimg.com
4443,nlayer.net
4444,htmldrive.net
4445,pinoy-ako.info
4446,inquisitr.com
4447,mumayi.com
4448,baseball-reference.com
4449,immi.gov.au
4450,fakt.pl
4451,translate.ru
4452,barclaycardus.com
4453,blox.pl
4454,almaany.com
4455,life.com.tw
4456,borsapernegati.com
4457,salespider.com
4458,onlinefinder.net
4459,jtb.co.jp
4460,vista.ir
4461,cshtracker.com
4462,pensador.uol.com.br
4463,luxtarget.com
4464,adultwork.com
4465,wolframalpha.com
4466,metacrawler.com
4467,priyo.com
4468,em86.cn
4469,berlin.de
4470,konga.com
4471,2domains.ru
4472,naszemiasto.pl
4473,pornper.com
4474,sanalpazar.com
4475,standaard.be
4476,sheldonsfans.com
4477,zhe800.com
4478,webopedia.com
4479,zorpia.com
4480,fotolog.net
4481,sing365.com
4482,indeed.fr
4483,20minutepayday.com
4484,tsetmc.com
4485,feedsportal.com
4486,iwebtool.com
4487,dhakatimes24.com
4488,textsale.ru
4489,unfollowers.me
4490,24option.com
4491,huxiu.com
4492,thefind.com
4493,sendgrid.com
4494,centurylink.net
4495,moneynews.com
4496,on.cc
4497,moi.gov.sa
4498,aviny.com
4499,apetube.com
4500,addwallet.com
4501,tomshardware.co.uk
4502,yllix.com
4503,redbus.in
4504,checkpagerank.net
4505,schema.org
4506,gameaholic.com
4507,beslist.nl
4508,uuu9.com
4509,himasoku.com
4510,google.org
4511,tikona.in
4512,clicktrackprofit.com
4513,indiangilma.com
4514,zalando.fr
4515,seccam.info
4516,eqfc.cn
4517,viamichelin.fr
4518,tvmao.com
4519,torrentday.com
4520,vanguard.com
4521,alltop.com
4522,ladolcevitae.com
4523,frmtr.com
4524,nomorerack.com
4525,hir.ma
4526,clickindia.com
4527,progressive.com
4528,thqafawe3lom.com
4529,bebo.com
4530,presstv.ir
4531,leonardo.it
4532,standardmedia.co.ke
4533,forumactif.com
4534,duote.com
4535,afl.com.au
4536,xingcloud.com
4537,pho.to
4538,designmodo.com
4539,matomy.com
4540,redflagdeals.com
4541,mycalendarbook.com
4542,poppen.de
4543,majority-batch.com
4544,tagesanzeiger.ch
4545,postjoint.com
4546,indiabix.com
4547,hotspotshield.com
4548,flashback.org
4549,smartklicks.com
4550,wisc.edu
4551,paginasamarillas.es
4552,berooztarinha.com
4553,soft32.com
4554,canoe.ca
4555,dailystar.co.uk
4556,thairath.co.th
4557,go2000.com
4558,socialmonkee.com
4559,bell.ca
4560,defencenet.gr
4561,hotwords.com
4562,arte.tv
4563,yad2.co.il
4564,parispornmovies.com
4565,ilmessaggero.it
4566,carsensor.net
4567,honda.com
4568,mk.co.kr
4569,xat.com
4570,rogers.com
4571,2258.com
4572,warnerbros.com
4573,mythemeshop.com
4574,javascriptkit.com
4575,filesfetcher.com
4576,gamesgames.com
4577,qjy168.com
4578,ucla.edu
4579,bash.im
4580,juno.com
4581,storenvy.com
4582,pizap.com
4583,bookingbuddy.com
4584,miui.com
4585,niazerooz.com
4586,musiciansfriend.com
4587,darty.com
4588,keywordspy.com
4589,corporationwiki.com
4590,999120.net
4591,biglion.ru
4592,vertitechnologygroup.com
4593,1616.net
4594,unfollowed.me
4595,proz.com
4596,izismile.com
4597,160by2.com
4598,google.tt
4599,redmondpie.com
4600,yy.com
4601,play.pl
4602,decidatriunfar.net
4603,site5.com
4604,ascii.jp
4605,miibeian.gov.cn
4606,zmovie.co
4607,tripadvisor.com.au
4608,frys.com
4609,mercurynews.com
4610,ngacn.cc
4611,researchgate.net
4612,almos3a.com
4613,mydrivers.com
4614,offervault.com
4615,wizards.com
4616,xitek.com
4617,maxifoot.fr
4618,rabota.ru
4619,icm.edu.pl
4620,joyclub.de
4621,tgju.org
4622,pravda.com.ua
4623,imtranslator.net
4624,video2mp3.net
4625,bugun.com.tr
4626,compete.com
4627,ko499.com
4628,radiojavan.com
4629,daserste.de
4630,sblo.jp
4631,expat-blog.com
4632,gametrailers.com
4633,mochimedia.com
4634,webconfs.com
4635,stansberryresearch.com
4636,snagajob.com
4637,sammobile.com
4638,blogs.com
4639,statefarm.com
4640,uiuc.edu
4641,bakeca.it
4642,mcanime.net
4643,rockstargames.com
4644,blog.me
4645,ebayclassifieds.com
4646,dek-d.com
4647,twitlonger.com
4648,mysitecost.ru
4649,play.com
4650,ankang06.org
4651,bizsugar.com
4652,easports.com
4653,meinsextagebuch.net
4654,searchina.ne.jp
4655,torrentdownloads.me
4656,zend.com
4657,namepros.com
4658,facilisimo.com
4659,megacinema.fr
4660,myfc.ir
4661,maalaimalar.com
4662,nationalconsumercenter.com
4663,ykb.com
4664,prosport.ro
4665,findlaw.cn
4666,sonico.com
4667,elitedaily.com
4668,bluedart.com
4669,ziprecruiter.com
4670,seratnews.ir
4671,abovetopsecret.com
4672,blogspot.hk
4673,blog.co.uk
4674,terra.com.mx
4675,simple2advertise.com
4676,tasnimnews.com
4677,lockerdome.com
4678,alpari.ru
4679,policymic.com
4680,hertz.com
4681,istgah.com
4682,15min.lt
4683,euroresidentes.com
4684,iyaya.com
4685,morningstar.com
4686,brobible.com
4687,caranddriver.com
4688,dreammovies.com
4689,libertytimes.com.tw
4690,clips4sale.com
4691,lamoda.ru
4692,talkingpointsmemo.com
4693,enter.ru
4694,indonetwork.co.id
4695,notdoppler.com
4696,salary.com
4697,imgserve.net
4698,gmhuowan.com
4699,beget.ru
4700,explosm.net
4701,bankrate.com.cn
4702,sparkasse.at
4703,ivillage.com
4704,guildwars2.com
4705,pixer.mobi
4706,99114.com
4707,nnm.me
4708,tlbsearch.com
4709,woxikon.de
4710,mybloggertricks.com
4711,join.me
4712,laterooms.com
4713,shahvani.com
4714,argaam.com
4715,coolmovs.com
4716,getwebcake.com
4717,topeuro.biz
4718,enikos.gr
4719,nowgamez.com
4720,carigold.com
4721,tv2.dk
4722,sexytube.me
4723,network-tools.com
4724,adzibiz.com
4725,ddmap.com
4726,aebn.net
4727,elsevier.com
4728,sport.cz
4729,santanderrio.com.ar
4730,mapy.cz
4731,proporn.com
4732,ruelsoft.com
4733,eclipse.org
4734,tabloidpulsa.co.id
4735,pinkrod.com
4736,main.jp
4737,usenet.nl
4738,graaam.com
4739,openrice.com
4740,yoo7.com
4741,team-bhp.com
4742,researchnow.com
4743,adidas.com
4744,monografias.com
4745,yourdictionary.com
4746,theme.wordpress.com
4747,news-postseven.com
4748,spanishdict.com
4749,nissen.co.jp
4750,searchboxes.info
4751,spox.com
4752,pcstore.com.tw
4753,61.com
4754,geotauaisay.com
4755,rsb.ru
4756,jizzbell.com
4757,kotak.com
4758,cztv.com.cn
4759,yourfiledownloader.com
4760,adsupplyads.com
4761,register.com
4762,globalbux.net
4763,2144.cn
4764,house365.com
4765,va.gov
4766,takmob.net
4767,cloudapp.net
4768,landsend.com
4769,lefrecce.it
4770,bright.com
4771,narutoget.com
4772,xnxxmovies.com
4773,audiopoisk.com
4774,straightdope.com
4775,vivo.com.br
4776,listentoyoutube.com
4777,mainspy.ru
4778,ctvnews.ca
4779,cimbclicks.com.my
4780,giveawayoftheday.com
4781,shueisha.co.jp
4782,petfinder.com
4783,fluege.de
4784,delfi.lv
4785,pornpros.com
4786,hq-sex-tube.com
4787,tfile.me
4788,morguefile.com
4789,porn-wanted.com
4790,hitleap.com
4791,juyouqu.com
4792,funnymama.com
4793,tokyo-sports.co.jp
4794,eldorado.ru
4795,tradeindia.com
4796,irishtimes.com
4797,twcczhu.com
4798,beppegrillo.it
4799,ebayimg.com
4800,moikrug.ru
4801,uline.com
4802,dbw.cn
4803,jobvite.com
4804,juegosdiarios.com
4805,peoplesmart.com
4806,medscape.com
4807,variety.com
4808,orgasmatrix.com
4809,parperfeito.com.br
4810,soft98.ir
4811,futureshop.ca
4812,softcoin.com
4813,flirt4free.com
4814,goldporntube.com
4815,webstarts.com
4816,inps.it
4817,livesurf.ru
4818,mitbbs.com
4819,carsales.com.au
4820,games.com
4821,adage.com
4822,mercador.ro
4823,sudu.cn
4824,sharepoint.com
4825,teleshow.pl
4826,video-i365.com
4827,alicdn.com
4828,weddingwire.com
4829,xiu.com
4830,linkcollider.com
4831,python.org
4832,mentalfloss.com
4833,trustedreviews.com
4834,mybroadband.co.za
4835,thumbtack.com
4836,calciomercato.com
4837,dealspl.us
4838,moonsy.com
4839,avclub.com
4840,xplocial.com
4841,natemat.pl
4842,topshop.com
4843,freshdesk.com
4844,bulbagarden.net
4845,hamusoku.com
4846,worthofweb.com
4847,sodahead.com
4848,hsbc.com.br
4849,danarimedia.com
4850,livefyre.com
4851,flyertalk.com
4852,renfe.es
4853,shape.com
4854,netfirms.com
4855,500wan.com
4856,htmlgoodies.com
4857,similarsitesearch.com
4858,madadsmedia.com
4859,vbulletin.org
4860,syosetu.com
4861,acidcow.com
4862,imagehost123.com
4863,movie2k.to
4864,fbsbx.com
4865,dhnet.be
4866,drakensang.com
4867,livenation.com
4868,howtoforge.com
4869,advertstream.com
4870,bravoteens.com
4871,alternativeto.net
4872,e-monsite.com
4873,nttdocomo.co.jp
4874,iwriter.com
4875,searchya.com
4876,blackbfvideos.com
4877,jfranews.com
4878,rozee.pk
4879,zumi.pl
4880,yfrog.com
4881,hotmail.com
4882,startpagina.nl
4883,aljazeerasport.net
4884,brandsoftheworld.com
4885,homevv.com
4886,gaaks.com
4887,businesswire.com
4888,standardchartered.co.in
4889,bittorrent.com
4890,chelseafc.com
4891,rt.ru
4892,iran-forum.ir
4893,zakzak.co.jp
4894,tizag.com
4895,coupondunia.in
4896,xs8.cn
4897,cpmstar.com
4898,rol.ro
4899,crazydomains.com.au
4900,betfred.com
4901,naked.com
4902,eurosport.ru
4903,loteriasyapuestas.es
4904,imasters.com.br
4905,castorama.fr
4906,gsis.gr
4907,torrentcrazy.com
4908,siteheart.com
4909,rakuten.de
4910,1and1.fr
4911,santandernet.com.br
4912,banesco.com
4913,gismeteo.ua
4914,eprize.com
4915,adopteunmec.com
4916,alisoft.com
4917,canadapost.ca
4918,sochiset.com
4919,halifax.co.uk
4920,transfermarkt.co.uk
4921,echosign.com
4922,vitorrent.org
4923,momoshop.com.tw
4924,twodollarclick.com
4925,flirchi.ru
4926,biblehub.com
4927,gmx.at
4928,7sur7.be
4929,themetapicture.com
4930,tradingfornewbies.com
4931,squarebux.com
4932,poriborton.com
4933,freelancer.in
4934,hizliresim.com
4935,radiofarda.com
4936,bgr.com
4937,khmerload.com
4938,soup.io
4939,guitarcenter.com
4940,notebookreview.com
4941,betradar.com
4942,quanjing.com
4943,ibuonline.com
4944,liquidweb.com
4945,pornup.me
4946,mysurvey.com
4947,perfectworld.com
4948,dardarkom.com
4949,waelelebrashy.com
4950,ilgiornale.it
4951,boredpanda.com
4952,wow.com
4953,paperpkads.com
4954,crocko.com
4955,wasu.cn
4956,kinogo.net
4957,streamhunter.eu
4958,submanga.com
4959,portail.free.fr
4960,coinmill.com
4961,tradera.com
4962,kariyer.net
4963,dyn.com
4964,mature-beauty.com
4965,provincial.com
4966,nnm-club.me
4967,cduniverse.com
4968,el-nacional.com
4969,coolrom.com
4970,lexilogos.com
4971,mobilewap.com
4972,totalping.com
4973,dedecms.com
4974,tasteofhome.com
4975,mbalib.com
4976,coches.net
4977,almstba.co
4978,adobeconnect.com
4979,officialsurvey.org
4980,ikman.lk
4981,translit.ru
4982,torchbrowser.com
4983,google.mn
4984,prisjakt.nu
4985,gemius.com
4986,hjenglish.com
4987,sabayacafe.com
4988,yaske.net
4989,pichak.net
4990,gucheng.com
4991,o2.co.uk
4992,parsnews.com
4993,ce4arab.com
4994,bakufu.jp
4995,libpack.net
4996,ovi.com
4997,readwrite.com
4998,fardanews.com
4999,uploadbaz.com
5000,gigya.com
